IMG_4233_JPG_jpg.rf.5ead15d00f5af360aea5bb9ee34784b9.jpg,SUV
IMG_2666_JPG_jpg.rf.678a62aade458d641706f448dd708a0c.jpg,SUV
IMG_3016_JPG_jpg.rf.43d7c0c6a52e53abf616a9c97d37dd4b.jpg,SUV
IMG_0450_JPG_jpg.rf.4b58db6b80bf97c4b7a5c807c5a634c7.jpg,SUV
IMG_0061_JPG_jpg.rf.d79fef342d5c3cb76c6317c803d79653.jpg,SUV
IMG_0083_JPG_jpg.rf.7976fdf7d361762d87ff8bc47b7071d9.jpg,SUV
IMG_5875_JPG_jpg.rf.cf57600df3943743e6ec430a539755b6.jpg,SUV
IMG_4176_JPG_jpg.rf.25a94b377111ba8f2802257efa0f37a9.jpg,SUV
IMG_2996_JPG_jpg.rf.00dab5efe319eea1058b2cc99e6c045a.jpg,SUV
IMG_4760_JPG_jpg.rf.6d726e92aa0ab9e347a26d495f619395.jpg,SUV
IMG_5900_JPG_jpg.rf.2b52569d0c8892ae490960d5d0a2756b.jpg,SUV
IMG_0830_jpg.rf.38ac38e8cb8cb771e6d9efdb414f3a47.jpg,SUV
IMG_0840_JPG_jpg.rf.58eeb1d44f37b387ef9d10f9cde7df5b.jpg,SUV
IMG_0063_JPG_jpg.rf.a7cb6f9dd0d98f6ab207c5377ef00d98.jpg,SUV
IMG_3004_JPG_jpg.rf.1d7fbf85e812b350f1d964933e5403fb.jpg,SUV
IMG_1258_JPG_jpg.rf.e31f08cb6b10012cd77846688670d595.jpg,SUV
IMG_2654_JPG_jpg.rf.51718271ed3cc48e9c3a6c77511f827d.jpg,SUV
IMG_2498_JPG_jpg.rf.1e7288d5dc79388d9ded197d12f8fac4.jpg,SUV
IMG_0762_JPG_jpg.rf.20d307b0d46f4d95002dd34ea1099430.jpg,SUV
IMG_4467_JPG_jpg.rf.366851e01b725729610e62c17b48fd69.jpg,SUV
IMG_4268_JPG_jpg.rf.bf2ffe97bfb054f3f0be69cf7b2266f3.jpg,SUV
IMG_1619_JPG_jpg.rf.1d9e95350cedbbff5406190a4c94109b.jpg,SUV
IMG_1042_JPG_jpg.rf.f52ff8f90dd00b71c6c2b088ad11b8ef.jpg,SUV
IMG_1612_JPG_jpg.rf.664137987de3e96dde74116d59a6a429.jpg,SUV
IMG_1720_JPG_jpg.rf.1c8fa44939eb1c96e41fa890f72b77c6.jpg,SUV
IMG_6944_JPG_jpg.rf.353a0e68a882e46702690993788a637b.jpg,SUV
IMG_1597_JPG_jpg.rf.5a4441c0d5204547dc3840d1d1380d6b.jpg,SUV
IMG_4801_JPG_jpg.rf.a7297b97808beabb9ee0809de0b58d40.jpg,SUV
IMG_1298_JPG_jpg.rf.4ad9a96f88dcf51060638032bffb4584.jpg,SUV
IMG_3549_JPG_jpg.rf.24caae3ac83d5737309806512046b54b.jpg,SUV
IMG_3049_JPG_jpg.rf.6045464ede1684d2c642e9cfe03bed94.jpg,SUV
IMG_0646_JPG_jpg.rf.2041d82a5fb26273972bfd5537d33a87.jpg,SUV
IMG_1617_JPG_jpg.rf.7e28dc9aeee0c1f51b20f7aa5424873d.jpg,SUV
IMG_2863_JPG_jpg.rf.894f32fe1280a1378393fe113c856c3d.jpg,SUV
IMG_4517_JPG_jpg.rf.05187ae3e23a03351df083df20aa7033.jpg,SUV
IMG_4231_JPG_jpg.rf.9bb1ee0d8e1d566eda674dabfd2ed30c.jpg,SUV
IMG_4443_JPG_jpg.rf.c4c5d4ec254ba7456c886acd2ef0871a.jpg,SUV
IMG_1529_JPG_jpg.rf.fa8325def556006ac66a11c66ae76672.jpg,SUV
IMG_0475_JPG_jpg.rf.406d8f3fcdf3849d87613f9ba08133f3.jpg,SUV
OIP-2022-04-10T125632-116_jpg.rf.5111fb6d4ef42736ea24315136d4bb79.jpg,SUV
IMG_3437_JPG_jpg.rf.27e1aef6e5e186377e0806c48d7a2ba3.jpg,SUV
IMG_2373_JPG_jpg.rf.22eae253098e20ac26ac79157498a7db.jpg,SUV
IMG_1040_JPG_jpg.rf.674c1141f5b509b9e9da44223f9fc71b.jpg,SUV
IMG_1303_JPG_jpg.rf.db4204418ffb11b34babc4481b98e885.jpg,SUV
IMG_4784_JPG_jpg.rf.bd5417e800a6b642ae00c5c40eac8b36.jpg,SUV
IMG_1526_JPG_jpg.rf.ae200bf7c9b1c391eb834e62929c32d0.jpg,SUV
IMG_4298_JPG_jpg.rf.e49b17c8c8e990b3c9290123e096dde7.jpg,SUV
IMG_1421_JPG_jpg.rf.2552856e163a23d1dc06a405499e3030.jpg,SUV
IMG_4149_JPG_jpg.rf.08c1adc5b017116483c0d579c8604009.jpg,SUV
IMG_2914_JPG_jpg.rf.3fe682c6f4e34c587c4a355422f41c8e.jpg,SUV
IMG_3261_JPG_jpg.rf.a41099e5909aabe58a33dde427fe685a.jpg,SUV
IMG_2199_JPG_jpg.rf.93f6f374d6abebbe64f16dd339e92cd5.jpg,SUV
IMG_4046_JPG_jpg.rf.f55bdc4b8e395161dbfb3a0fff23c213.jpg,SUV
IMG_1311_JPG_jpg.rf.3b97a8f94b0bfab0dfd72fea0c330dd3.jpg,SUV
IMG_3340_JPG_jpg.rf.e342af6886170dccade0c7e600c64ff1.jpg,SUV
IMG_4974_JPG_jpg.rf.bbc1bf9d25358f5019511ebc44603823.jpg,SUV
IMG_4789_JPG_jpg.rf.d0eee41c4fad23e28464d05770ea8569.jpg,SUV
IMG_1469_JPG_jpg.rf.b77efcd0cbe70d897913e8229f3722ba.jpg,SUV
IMG_4963_JPG_jpg.rf.c0b6e45159e78fb80bbf0196a8d1cc49.jpg,SUV
IMG_5931_JPG_jpg.rf.46ad33b53b26ca0cac8019f8b737449f.jpg,SUV
IMG_4359_JPG_jpg.rf.0fb175da3e84ef0114032a1ee6a3374e.jpg,SUV
IMG_3943_JPG_jpg.rf.d495d6430fc4d5e3f3706272e6a2c069.jpg,SUV
IMG_0562_JPG_jpg.rf.14b99e6755fa03c5db140b0643ced99c.jpg,SUV
IMG_1591_JPG_jpg.rf.0ea92356223f8be0585777072c7937e7.jpg,SUV
IMG_4363_JPG_jpg.rf.c3aa8bd272969fbb8fd9eef1f754fae7.jpg,SUV
IMG_4170_JPG_jpg.rf.ddd2e22c31471e89cffa7d257ef3096a.jpg,SUV
2018-back-to-school_-Commercial-motorbike-riders-de-1-_jpg.rf.bcd17d1c0b07d73e638b7b397579aa70.jpg,SUV
IMG_2701_JPG_jpg.rf.29c3a76840eb316bf5e41a4743a0bd9d.jpg,SUV
IMG_3993_JPG_jpg.rf.a3f9c2ce81ad5e4ff4b356149bc58291.jpg,SUV
IMG_1636_JPG_jpg.rf.e0fcadeb6b0c620219facd61dcaf0940.jpg,SUV
IMG_5562_JPG_jpg.rf.197c2e983b158299c18fe3db2f98fba8.jpg,SUV
IMG_4591_JPG_jpg.rf.e661af5b436a1e8c3d46046db2e34787.jpg,SUV
IMG_2226_JPG_jpg.rf.19ee4fa6962cfb6191b84f75559a45a6.jpg,SUV
IMG_2403_JPG_jpg.rf.fb001d4357128739230de28c5c247753.jpg,SUV
IMG_0827_jpg.rf.310c93eda165273beca89b293bbd92f8.jpg,SUV
IMG_3272_JPG_jpg.rf.6ae3eeb136e6221a1f7d5ec7d194e5c8.jpg,SUV
IMG_2849_JPG_jpg.rf.177c9fc19f4289baaaa5cee5cdc1f1f8.jpg,SUV
IMG_3612_JPG_jpg.rf.9f4188c3e5d51f574b2f3657117187ea.jpg,SUV
IMG_5816_JPG_jpg.rf.680b28bfec75f462955943343b074289.jpg,SUV
IMG_3777_JPG_jpg.rf.f69fa62cdae5079952d276db68c9f601.jpg,SUV
IMG_2276_JPG_jpg.rf.6c7fb6daa29af46c340296bbb139adba.jpg,SUV
IMG_0081_JPG_jpg.rf.99d64f39539aa8f062a15e835239276d.jpg,SUV
IMG_0683_JPG_jpg.rf.ed3c7458dd7b9339bced21a7a2262cb2.jpg,SUV
IMG_2356_JPG_jpg.rf.af1ca30bd4573bc4a2973b0114fdf443.jpg,SUV
IMG_1053_JPG_jpg.rf.d435eafbf997fe206a02a7797b4b105a.jpg,SUV
IMG_4332_JPG_jpg.rf.3a8dedc2ce2d5922ce92b4670c7aecce.jpg,SUV
IMG_4613_JPG_jpg.rf.111282ca8821c64bc8a135f0802c2a72.jpg,SUV
IMG_0824_JPG_jpg.rf.f0cbaba65a0666f4d14dcde7fe364ade.jpg,SUV
IMG_0527_JPG_jpg.rf.ce7e00c97ea922955c70635c782a7844.jpg,SUV
IMG_2639_JPG_jpg.rf.dd0b724f2d15a23f0c3548d0ac4f3bf9.jpg,SUV
IMG_2260_JPG_jpg.rf.8f70e81854103ca41af3cbf13e05e7e8.jpg,SUV
4bb12838b691a7f6_jpg.rf.3a1458f3fdd2379cc79f976ee493fd67.jpg,SUV
IMG_2350_JPG_jpg.rf.b9b373504a75cad9d521ffaaa9b1073e.jpg,SUV
IMG_0452_JPG_jpg.rf.bda9df9a4333435abc4958e9e398a022.jpg,SUV
IMG_1425_JPG_jpg.rf.f258418e6d0a9d08e3f812f0c86e29df.jpg,SUV
IMG_4742_JPG_jpg.rf.c73b7f7c0f1f7325c78ba72828272c10.jpg,SUV
IMG_2444_JPG_jpg.rf.a44ce2afd8feed151f48cd0a519b0506.jpg,SUV
IMG_0304_JPG_jpg.rf.9b028bd8f5f9599d4435bbf94c7f80ed.jpg,SUV
OIP-2022-04-10T125508-156_jpg.rf.b01e62a837101c22dec7fb9b13945d79.jpg,SUV
IMG_4806_JPG_jpg.rf.f8b277c61ae2f70161f668e2756d4de9.jpg,SUV
IMG_5632_JPG_jpg.rf.fb625c640074b89924b6bde33469165a.jpg,SUV
IMG_3771_JPG_jpg.rf.ca53f6d7e61c75bbdc036c9254274493.jpg,SUV
IMG_2101_JPG_jpg.rf.a1c1f68b59bd366f41ce1758442dc0e6.jpg,SUV
IMG_0758_JPG_jpg.rf.2c0f8a93aef564b0346afe4ad3c511de.jpg,SUV
IMG_4842_JPG_jpg.rf.4ec58269b52a3d9834d3b55a23437b27.jpg,SUV
IMG_3214_JPG_jpg.rf.fb7e4888e11795fd27a3d24228fc39fe.jpg,SUV
IMG_2547_JPG_jpg.rf.96bed153785fd08e63ad91401b60f165.jpg,SUV
IMG_1598_JPG_jpg.rf.eea2f22a2a32d133edae73b78e8cb5a1.jpg,SUV
IMG_0443_JPG_jpg.rf.c08d8e6bdc8084c5073196f49e43f7ab.jpg,SUV
IMG_1225_JPG_jpg.rf.471a08eeba27a607c17d4309494976f1.jpg,SUV
IMG_3938_JPG_jpg.rf.8426935c5cfc46c6a83a7695265ac9f7.jpg,SUV
IMG_3170_JPG_jpg.rf.fea68fc7641de2932241e02d04f3e8cd.jpg,SUV
IMG_3802_JPG_jpg.rf.60102dc75980494fda90608f7d82b268.jpg,SUV
IMG_2995_JPG_jpg.rf.5237ef537589e03ecd05d5c754bb4b91.jpg,SUV
IMG_6913_JPG_jpg.rf.f1ede3c964f9cd014286d5a21f407b23.jpg,SUV
IMG_2252_JPG_jpg.rf.405205738e0fa0547785abb326387359.jpg,SUV
IMG_4916_JPG_jpg.rf.231517dd6c546fc5104d75ccead0cb98.jpg,SUV
IMG_2497_JPG_jpg.rf.79b330107854324c194c6151b7d35f0d.jpg,SUV
IMG_3994_JPG_jpg.rf.dde2734f734aab8e315fd7b0fecd99dc.jpg,SUV
IMG_0584_JPG_jpg.rf.67cf116ac8b4c24133347d51f5d915cf.jpg,SUV
IMG_0258_JPG_jpg.rf.ae0678cd5a9c9f00b0d9079207e7c2f0.jpg,SUV
IMG_0489_JPG_jpg.rf.2b3fdc07f673213ba6702ee290c80393.jpg,SUV
IMG_0155_JPG_jpg.rf.388e9e071a6ea9ed9912b0d5ac7c9080.jpg,SUV
IMG_3767_JPG_jpg.rf.a59bc88ed41138cb4a3f485ae154df00.jpg,SUV
IMG_0477_JPG_jpg.rf.ed2c233b3a2842fdcc44a0a0c48842fa.jpg,SUV
IMG_4171_JPG_jpg.rf.1014f7422ab2fc912950e217c9e8397e.jpg,SUV
IMG_4516_JPG_jpg.rf.892c8308b4721eca8b0d653b1d077083.jpg,SUV
OIP-2022-04-10T125620-420_jpg.rf.794be5ede90fbdfb18f3935a28c2fea8.jpg,SUV
IMG_0444_JPG_jpg.rf.f508f2f9e59c18dbe2c881db1c15c7d6.jpg,SUV
IMG_5407_JPG_jpg.rf.ddf4933657e4141759b218e77d84444f.jpg,SUV
IMG_1290_JPG_jpg.rf.27b1b38c5a601456a1b0252b1b3b8af6.jpg,SUV
IMG_1074_JPG_jpg.rf.a42a7c74c480b9d02d0734b70c997c07.jpg,SUV
IMG_2863_JPG_jpg.rf.822d6064f38f2e4e7df884db1fee56e0.jpg,SUV
IMG_4187_JPG_jpg.rf.92507f975212760c8450716db8da92f8.jpg,SUV
IMG_4946_JPG_jpg.rf.61695845f081d54cb7e5dc7ec3ffe7aa.jpg,SUV
IMG_3800_JPG_jpg.rf.95023d52c698cc8c5ef6ba85bf9e6e57.jpg,SUV
IMG_2094_JPG_jpg.rf.6ef3c01b00fef8eaa33c1c0addd7b35a.jpg,SUV
IMG_5230_JPG_jpg.rf.676a7111d70b1eb67c16870f3a9932e2.jpg,SUV
IMG_3697_JPG_jpg.rf.7aee66e74281100b42885fb52fbc7b06.jpg,SUV
IMG_1604_JPG_jpg.rf.f68e8d9cde330ed91a304d465385467e.jpg,SUV
IMG_1334_JPG_jpg.rf.dc6cfce5b0410949ebf472058eb2cd56.jpg,SUV
IMG_4458_JPG_jpg.rf.1a7e3cb48ece756f4f0746b3f75315ba.jpg,SUV
IMG_4260_JPG_jpg.rf.3c1ce494f5a70e1380f64129db6d68b0.jpg,SUV
OIP-2022-04-10T125525-825_jpg.rf.7f0069c4f8646fcb5c61c6b152681869.jpg,SUV
IMG_6714_JPG_jpg.rf.f98d69fdd19103a5a12aa4cbf7709750.jpg,SUV
IMG_2832_JPG_jpg.rf.b9daad584e88b069df1870046e153c99.jpg,SUV
IMG_5056_JPG_jpg.rf.28dd3309fd6d46829231afdb1f20a3e8.jpg,SUV
IMG_3865_JPG_jpg.rf.9172d2557f47b78cebe71a705b397d91.jpg,SUV
IMG_1823_JPG_jpg.rf.f4ab5baf5059d9ab28eaff307eff7f9f.jpg,SUV
IMG_6946_JPG_jpg.rf.30373f75862d1242f4b377e66f7c9a4f.jpg,SUV
IMG_2006_JPG_jpg.rf.f486c9a10767d471e473150ef1536e54.jpg,SUV
IMG_1781_JPG_jpg.rf.884163f0e0fc75941f0fef60a6c27876.jpg,SUV
IMG_2079_JPG_jpg.rf.d53845afbbfd7dfd20511766d0a3a88b.jpg,SUV
IMG_2833_JPG_jpg.rf.601d4b681fed51773fbadc6cb3a78c64.jpg,SUV
IMG_4075_JPG_jpg.rf.4078c1ff94a53dc3da19d88ae9da8673.jpg,SUV
IMG_0090_JPG_jpg.rf.58fe8b49083ed29c2349ef2b3beebfa7.jpg,SUV
IMG_0350_JPG_jpg.rf.48e84b45a920ea7d06e2baf78ea2978a.jpg,SUV
IMG_4704_JPG_jpg.rf.8bfb80c0b898f60fefe0dd3a5dafdab4.jpg,SUV
IMG_3368_JPG_jpg.rf.b58e6b8821e9c80c8300e4d543916145.jpg,SUV
IMG_0757_JPG_jpg.rf.e28998a36f53727901e0ce7ffcd1e987.jpg,SUV
IMG_0244_JPG_jpg.rf.75053baa79c1d383ee67a9829f387040.jpg,SUV
IMG_0005_JPG_jpg.rf.28236684ce4b58fd1f9e26890ceaf926.jpg,SUV
IMG_1280_JPG_jpg.rf.da69460feec5fb777ac3aaccdb210c37.jpg,SUV
f7ba347dcfcce8fb_jpg.rf.cd157e825cb19ba812f0cd38a83a2c5e.jpg,SUV
IMG_2176_JPG_jpg.rf.4a2821a712752761d4f20116d5019cff.jpg,SUV
IMG_3262_JPG_jpg.rf.9366f56bdcb3fa51091492ed78c212bf.jpg,SUV
IMG_4186_JPG_jpg.rf.37c7bb429f8200f4d7808d1f5588652d.jpg,SUV
IMG_1522_JPG_jpg.rf.89043e85e95e8e3c516bf2136b4be782.jpg,SUV
IMG_3585_JPG_jpg.rf.8afe70416d882f97fc9aa207b9438755.jpg,SUV
IMG_4298_JPG_jpg.rf.e49b17c8c8e990b3c9290123e096dde7.jpg,SUV
IMG_0926_JPG_jpg.rf.20234aafc9e1abb27a1bd00ad643e88a.jpg,SUV
IMG_1126_JPG_jpg.rf.76684814469d77b9c1107b6f494e9a9c.jpg,SUV
IMG_6824_JPG_jpg.rf.6cee1f2711b84b01d362a807693469ce.jpg,SUV
IMG_2514_JPG_jpg.rf.582b499d9c99bdfd87931660f0b3d33b.jpg,SUV
IMG_2080_JPG_jpg.rf.ea04e02fa9ec60fdbaffb56e607f9f98.jpg,SUV
IMG_4447_JPG_jpg.rf.d4bd9bbb42771b891e710fdd7b77e987.jpg,SUV
IMG_4112_JPG_jpg.rf.b5d7e4f6b755e9b51e5cf2782c8a64de.jpg,SUV
IMG_0737_JPG_jpg.rf.a9f9f810392d219a02bd59065925b6fd.jpg,SUV
IMG_2783_JPG_jpg.rf.a188ad9054c971049b63ca3750124a2c.jpg,SUV
IMG_0259_JPG_jpg.rf.bc2c002a8484f7045ce475943816753d.jpg,SUV
IMG_3772_JPG_jpg.rf.1196bcc7704672b038ba3f05e2381569.jpg,SUV
IMG_4190_JPG_jpg.rf.bb14a679f9c54e1c46eee3862bdce006.jpg,SUV
IMG_1936_JPG_jpg.rf.6fe54e66f0abac0adaef17548828829f.jpg,SUV
IMG_5262_JPG_jpg.rf.0a9d096fa178c097bc6cd62f1b72435a.jpg,SUV
IMG_5261_JPG_jpg.rf.8f335e401554a0e1bc1185e5f58462ca.jpg,SUV
IMG_0230_JPG_jpg.rf.6cfccd4065438656016d112d58f6b1e2.jpg,SUV
IMG_5672_JPG_jpg.rf.e838d31d51c8235c78cac09ade7cf416.jpg,SUV
IMG_3191_JPG_jpg.rf.930c02e40e4d9f18fc977aa2f25ba3c2.jpg,SUV
IMG_2055_JPG_jpg.rf.38bd8c901c25c669914b8d219fcfb8d7.jpg,SUV
IMG_3821_JPG_jpg.rf.d0c48ec2731b5df698c08581993463d4.jpg,SUV
IMG_1485_JPG_jpg.rf.9bd81d127f6aa8415c4287362d227f71.jpg,SUV
IMG_0226_JPG_jpg.rf.7d6173bb750ca3c3e2c127d0f9b119cc.jpg,SUV
IMG_4872_JPG_jpg.rf.9b63e8ed706a4dcc4978d1b00505bdf8.jpg,SUV
IMG_5117_JPG_jpg.rf.6947a54d58b8c1c7173b8cb5187f9976.jpg,SUV
IMG_2692_JPG_jpg.rf.ae9d358cbfc72cfd8c980d32406dbd3c.jpg,SUV
IMG_6823_JPG_jpg.rf.b45fdb349b853e2ec01d44709dbd7589.jpg,SUV
IMG_0364_JPG_jpg.rf.a8f68fe69423599a77bdb68d2f5ae546.jpg,SUV
IMG_1564_JPG_jpg.rf.0224895061be00970f80f2cc838b6cda.jpg,SUV
IMG_0338_JPG_jpg.rf.e9897bc4f7b2bce30fc6756bd661dc86.jpg,SUV
IMG_1200_JPG_jpg.rf.25d2bf16e08801b2c95ad1a2d5236a28.jpg,SUV
IMG_4593_JPG_jpg.rf.bc72e84f3c11e00b4a1108daf5569b3b.jpg,SUV
IMG_6713_JPG_jpg.rf.0cc116ee623c69ec79b37216c98e6082.jpg,SUV
IMG_1315_JPG_jpg.rf.1df59729b5de3f4e038f74e8e3a5bfa9.jpg,SUV
IMG_5857_JPG_jpg.rf.cf614a00bb820087f44a1fc656f3e229.jpg,SUV
IMG_1574_JPG_jpg.rf.a374a5b365070f09c3b4000730c8b276.jpg,SUV
IMG_4205_JPG_jpg.rf.7516a254c034af9d17e659125088566b.jpg,SUV
IMG_5382_JPG_jpg.rf.a1504440b902e189c40c7ffe79347da7.jpg,SUV
IMG_4273_JPG_jpg.rf.959a8de5f3e7f1666435dc8f3fc8e616.jpg,SUV
IMG_2695_JPG_jpg.rf.1405803e2fafcd861ab5db3e773fd656.jpg,SUV
IMG_0611_JPG_jpg.rf.ee64cee2667aa66684233c34807a59c2.jpg,SUV
b407b736d4d15dd6_jpg.rf.67d3dc13db0f0dde723756c735df7584.jpg,SUV
IMG_0563_JPG_jpg.rf.03c4928ea9d3b19f534a7bb4ff73f2b3.jpg,SUV
IMG_5996_JPG_jpg.rf.12ff7f965e89a54595bab97dd2afdb38.jpg,SUV
IMG_2893_JPG_jpg.rf.1b8f6afdd7ce4daaf25d5aab48b3aa49.jpg,SUV
IMG_4248_JPG_jpg.rf.8df81ed9dfdae55c4b2e7f73901deb87.jpg,SUV
IMG_5847_JPG_jpg.rf.d62bb6c298afdc2a36842d5eb7dd7193.jpg,SUV
IMG_4842_JPG_jpg.rf.4ec58269b52a3d9834d3b55a23437b27.jpg,SUV
IMG_0736_JPG_jpg.rf.ddcb45bab245146c2c898c5c64e76a00.jpg,SUV
IMG_4209_JPG_jpg.rf.84ee6f12ab52b050081e366f04b90b3d.jpg,SUV
IMG_1326_JPG_jpg.rf.1f9e5a096433c26ab793c12e74da09d0.jpg,SUV
IMG_1226_JPG_jpg.rf.b5e500d348a45d0135577c90b5e214aa.jpg,SUV
IMG_1279_JPG_jpg.rf.93e5620caeb6bd22f5dcda306e51c128.jpg,SUV
IMG_3939_JPG_jpg.rf.e8885f8db49bd4de525c891b7a326022.jpg,SUV
IMG_1024_JPG_jpg.rf.538ab235388bb58f3ffdc25f3173094c.jpg,SUV
IMG_4918_JPG_jpg.rf.0f1d34fd68f3e3561e22f382bb0f43d7.jpg,SUV
IMG_0379_JPG_jpg.rf.1c55ebbcf353b12e4f1bf912b584f539.jpg,SUV
IMG_0694_JPG_jpg.rf.f96404615b3007170d259d85bc4fd19e.jpg,SUV
IMG_3765_JPG_jpg.rf.ff9f07bf526f67a7bc49a1f602bfb030.jpg,SUV
IMG_3365_JPG_jpg.rf.e97b6b727c108aa11db523d84f9d8832.jpg,SUV
IMG_1023_JPG_jpg.rf.ef24992c83ae17c88b62ab6f16fa84da.jpg,SUV
IMG_4414_JPG_jpg.rf.fbb9bcbf28309e18be2a542314a752c4.jpg,SUV
IMG_1201_JPG_jpg.rf.02235e0ec579b81f2d06f33c45da389e.jpg,SUV
IMG_0407_JPG_jpg.rf.db874ae7085267f40944a431e13c34d4.jpg,SUV
IMG_0244_JPG_jpg.rf.75053baa79c1d383ee67a9829f387040.jpg,SUV
IMG_2864_JPG_jpg.rf.d1e4bd76fe2b9b4f2629505082bad515.jpg,SUV
OIP-2022-04-10T125511-358_jpg.rf.1c503c9219f2069653b205098a850d53.jpg,SUV
IMG_0628_JPG_jpg.rf.8302385fa27efd9c8eff1669e3253090.jpg,SUV
IMG_1022_JPG_jpg.rf.8f5bf60b1d5bfdf671bc2b137824e345.jpg,SUV
IMG_5412_JPG_jpg.rf.bbbbbf76ae4d0f531c569b0109a58902.jpg,SUV
IMG_0331_JPG_jpg.rf.98750eeb33aefe92ac15569be31c39ef.jpg,SUV
IMG_2351_JPG_jpg.rf.c7170875b4d5783aae5b0df26852bb39.jpg,SUV
IMG_0433_JPG_jpg.rf.601ba35ae25e2dc1b01e37eb0d5badb4.jpg,SUV
IMG_0709_JPG_jpg.rf.7d756af2aa53e6c1f30c5310f2aba86d.jpg,SUV
IMG_0647_JPG_jpg.rf.d0e9949f0dd5d270157fff8987189d4a.jpg,SUV
IMG_0587_JPG_jpg.rf.08be51c60495bc386f76d7fb3dc7a478.jpg,SUV
IMG_0045_JPG_jpg.rf.63799a010aac4a4841db4a2b755b7802.jpg,SUV
IMG_1998_JPG_jpg.rf.278c9f902ed4f2d64ce36e1093b427f5.jpg,SUV
IMG_6124_JPG_jpg.rf.4a2ced8ecf31d1e22313e0235fe1a040.jpg,SUV
IMG_3745_JPG_jpg.rf.c0510b667b27b92c6abea7f91c3e3d02.jpg,SUV
IMG_4090_JPG_jpg.rf.92b0b04bd358ea44cd33c53cbaf3fdc3.jpg,SUV
IMG_1997_JPG_jpg.rf.db02210af49643bbb87615b1c9f6a70d.jpg,SUV
IMG_2044_JPG_jpg.rf.d2bca485f6a48374e559784a0f62b082.jpg,SUV
IMG_4182_JPG_jpg.rf.231937f148310b2dd8ced2e4cdda2bce.jpg,SUV
IMG_3289_JPG_jpg.rf.917bf088571ce41a652cdff3262e9ec5.jpg,SUV
IMG_4790_JPG_jpg.rf.d844e1b9bc0be5117df278e3e8b15c60.jpg,SUV
IMG_1822_JPG_jpg.rf.0a59ce696811fb4f48332227292c9ca3.jpg,SUV
IMG_1099_JPG_jpg.rf.94411aab54009c98eff9663179f8a240.jpg,SUV
IMG_4180_JPG_jpg.rf.ac6b1c88f5cb6002c92344ca166a2fdb.jpg,SUV
IMG_1365_JPG_jpg.rf.d89b0a32edc0a43f72aa7c3ef6784100.jpg,SUV
IMG_4851_JPG_jpg.rf.a047ccd2a5c4bcfd006009e53ad47022.jpg,SUV
IMG_0454_JPG_jpg.rf.c36d48ea538aa3ac6566972c022526fd.jpg,SUV
IMG_1958_JPG_jpg.rf.63232c20b7dd2f1f0035953e0faa9c0c.jpg,SUV
IMG_1618_JPG_jpg.rf.7daa9bb1b6a441b49bebc57888188fd3.jpg,SUV
IMG_4680_JPG_jpg.rf.72fe5176dfa5e3a52e32cecf2c948e4d.jpg,SUV
IMG_4175_JPG_jpg.rf.f45ccff6955ef2076fb9553001134e3d.jpg,SUV
IMG_3017_JPG_jpg.rf.6c6b7ea6c003d90723e49351f512351b.jpg,SUV
IMG_3435_JPG_jpg.rf.dec7b88e4a59a3a66e40216665724794.jpg,SUV
IMG_5417_JPG_jpg.rf.5ac10a8a289f72fd3503d60667f8f204.jpg,SUV
IMG_2881_JPG_jpg.rf.14b4d6a11b6102c35f743f83325a5fea.jpg,SUV
IMG_4290_JPG_jpg.rf.e648612670af770610f52710691fe956.jpg,SUV
IMG_4647_JPG_jpg.rf.59504c0947017e9015a4c87f648ab397.jpg,SUV
IMG_0444_JPG_jpg.rf.9b5d53a6444e65117cfb0a6e1c2d2917.jpg,SUV
IMG_2804_JPG_jpg.rf.9034f1000de780a6086b656311d92311.jpg,SUV
IMG_3842_JPG_jpg.rf.1e57cd99b6e38150f1cd34100a7698b3.jpg,SUV
IMG_3579_JPG_jpg.rf.ddbeb0561434b65b3280142562e39ee5.jpg,SUV
IMG_0443_JPG_jpg.rf.ea0e00e4e0855efb3498c68698c809b3.jpg,SUV
IMG_2784_JPG_jpg.rf.e81c06770c862e28251dbf030fea75bb.jpg,SUV
IMG_1044_JPG_jpg.rf.8c1156bb78a45a871d5cb0f840bc9bd6.jpg,SUV
IMG_3590_JPG_jpg.rf.981fbb49542da11263017c0113cff1f7.jpg,SUV
IMG_0155_JPG_jpg.rf.a11857593a3f572db0e7c34ecc994faf.jpg,SUV
IMG_1613_JPG_jpg.rf.56826358acba59311ff7eac1c5a9d3f5.jpg,SUV
IMG_4917_JPG_jpg.rf.2976c8984dc4a92e0c40fc6901432c40.jpg,SUV
IMG_4459_JPG_jpg.rf.e4b7598664e1275ad16040ec1f4b72be.jpg,SUV
IMG_0514_JPG_jpg.rf.6e7778fba2daead6d08434078af49c19.jpg,SUV
IMG_4133_JPG_jpg.rf.9d2c8cb0884fb54373fa9d842ece07db.jpg,SUV
IMG_2652_JPG_jpg.rf.dc7dcfd4950c24e471404d35c673d9fd.jpg,SUV
IMG_1052_JPG_jpg.rf.ba1af9e6cc244aeae52563c798b48261.jpg,SUV
IMG_2035_JPG_jpg.rf.43b98bfd7c3aabb0fd3c76cb7008cdcd.jpg,SUV
IMG_5837_JPG_jpg.rf.3e16d8d2ba956dd9421ee6d79e434f31.jpg,SUV
IMG_3694_JPG_jpg.rf.fa885674dc5ed8a69c66157dcfd4f31f.jpg,SUV
IMG_0984_JPG_jpg.rf.f081562068862f7914872a8a66b64bf6.jpg,SUV
IMG_3060_JPG_jpg.rf.8bb390706cbb2927573767248180fd76.jpg,SUV
IMG_3237_JPG_jpg.rf.16c01ee2385944ff1d17a5a71de4d82b.jpg,SUV
IMG_4446_JPG_jpg.rf.06f7bd5f42497e21bff2ad1c7763cb74.jpg,SUV
IMG_4808_JPG_jpg.rf.9928984775685bacdd5f1c24a07c38b1.jpg,SUV
1872547_ea065b0bbf9d403c604901b4a533ebaa_wm_jpg.rf.01140ee5506be10315ba63e459bb0f01.jpg,SUV
IMG_6085_JPG_jpg.rf.26a5d25a720c955d13c27a15730b9f1e.jpg,SUV
IMG_2803_JPG_jpg.rf.6f5ba5302043bee6ffa4f9dc1553fbc3.jpg,SUV
IMG_0667_JPG_jpg.rf.0b662287ecb668e3e0f0635edda1e7bf.jpg,SUV
IMG_0929_JPG_jpg.rf.aeb088d78e7ebaa78c7f232491304c8e.jpg,SUV
IMG_0135_JPG_jpg.rf.d4217ca1a26bafa894424e45d328c69f.jpg,SUV
IMG_2335_JPG_jpg.rf.1261316e76824a277ecb1e1c394834df.jpg,SUV
IMG_1319_JPG_jpg.rf.ad14d6ca5a2d6cb36f0fa4ab1900ba5b.jpg,SUV
IMG_2225_JPG_jpg.rf.2220a8a8e8dab1ae331123fb7c19e2f3.jpg,SUV
IMG_3134_JPG_jpg.rf.96790e1403fbcb9379ed9c1352836f84.jpg,SUV
IMG_0419_JPG_jpg.rf.c5396faaeb4c7eef50d593746946485c.jpg,SUV
IMG_2635_JPG_jpg.rf.04b3f06cda580e6acccb6454657ca584.jpg,SUV
IMG_3239_JPG_jpg.rf.aec8def55f4af5f06e56436e8e1f2ab7.jpg,SUV
IMG_4169_JPG_jpg.rf.5981eda53fcd8bc123ed84753fa03471.jpg,SUV
IMG_1014_JPG_jpg.rf.ba00756bddf2360379e9c9e0b101e933.jpg,SUV
IMG_2240_JPG_jpg.rf.b1a2d8a86ebba752368afad842974cc0.jpg,SUV
IMG_0902_JPG_jpg.rf.8a30fa2c1932b3e63e38f3df43d1f4a5.jpg,SUV
IMG_3354_JPG_jpg.rf.9e24101ce0877f15a6c80bb3f84a3e33.jpg,SUV
IMG_2511_JPG_jpg.rf.2216d3e993c2a580c5f0712e1a3d9a7d.jpg,SUV
IMG_1333_JPG_jpg.rf.330d5a7621ba9a04e7c2dd3e8404d74f.jpg,SUV
IMG_4667_JPG_jpg.rf.434f7ab1e1ae82c555689020e2f4b7ca.jpg,SUV
IMG_3234_JPG_jpg.rf.8445c2e50855dd258d51709fb344f9ad.jpg,SUV
IMG_3717_JPG_jpg.rf.b89aa5d027eef6645cae1d717e714370.jpg,SUV
IMG_2023_JPG_jpg.rf.73d36991026f6181db7390e6a40c5a43.jpg,SUV
IMG_1319_JPG_jpg.rf.ad14d6ca5a2d6cb36f0fa4ab1900ba5b.jpg,SUV
IMG_5836_JPG_jpg.rf.28affd70b278ce77e4bb8452a9288fe3.jpg,SUV
IMG_4245_JPG_jpg.rf.380772b35fe172c5dd0cdad3672d3c4c.jpg,SUV
IMG_4811_JPG_jpg.rf.345aa08a674f92ab6dcff8abfe08dfea.jpg,SUV
IMG_0062_JPG_jpg.rf.c44b0585be17975d5058e1002fc2fd92.jpg,SUV
IMG_0112_JPG_jpg.rf.bcfd9253bc5d460497f5fd7d804e96d9.jpg,SUV
IMG_2559_JPG_jpg.rf.cd3c2544b8ed517497d845a913983190.jpg,SUV
IMG_0338_JPG_jpg.rf.037b8992426c61fc7b29f6d33200d314.jpg,SUV
IMG_2107_JPG_jpg.rf.c55640b356cd542e98fae4cd9a27138e.jpg,SUV
IMG_0645_JPG_jpg.rf.abd6caab8724812a78d6cfd71ba35dd0.jpg,SUV
IMG_2673_JPG_jpg.rf.12568f29d5e11a9724488de422e83455.jpg,SUV
IMG_5547_JPG_jpg.rf.9f9c93aa5433b509dc57168d77ad4a03.jpg,SUV
IMG_3773_JPG_jpg.rf.af41eca62e33de3c1b12b5d91a00fa2d.jpg,SUV
IMG_0435_JPG_jpg.rf.c29e11721918d40d596ff9929855c50c.jpg,SUV
IMG_1983_JPG_jpg.rf.b563d811b917537107aca7d7a12373b6.jpg,SUV
IMG_0925_JPG_jpg.rf.304993af49ce798af54ac65731e34cfb.jpg,SUV
IMG_1065_JPG_jpg.rf.a38b4a3750221e14dc99fe9ac27d1fb4.jpg,SUV
IMG_0222_JPG_jpg.rf.a4dbd5ea938bbb0d2a8af453c6d76d3b.jpg,SUV
IMG_0613_JPG_jpg.rf.5c3088fef44e3fa0beff1d8f15b44b80.jpg,SUV
IMG_0476_JPG_jpg.rf.f316aa8c65fed2c7561430602767573e.jpg,SUV
IMG_5997_JPG_jpg.rf.68d7c14f501f45c13ed2f92f1456c6b5.jpg,SUV
IMG_0829_jpg.rf.856455f3d5176cc7dd4f602ded936fea.jpg,SUV
IMG_0864_JPG_jpg.rf.55667c972b8cc6b982ca597f7a296cee.jpg,SUV
IMG_4783_JPG_jpg.rf.b9e1a2c40cd73c8d791b29dee8d63d5a.jpg,SUV
IMG_2862_JPG_jpg.rf.d0ad2335e938f91deb1be0044d19188b.jpg,SUV
IMG_1870_JPG_jpg.rf.9c0bd98f11162389277eaa574b7a98d3.jpg,SUV
IMG_0612_JPG_jpg.rf.1e73729992ba6b398dc8a912b8fcdb99.jpg,SUV
IMG_4639_JPG_jpg.rf.284103255e0b856565bbe2075d0f8ca3.jpg,SUV
IMG_4947_JPG_jpg.rf.7a80c1ab902106a2365fb446fb96a2a0.jpg,SUV
IMG_1816_JPG_jpg.rf.ed4c7f224e2c12a7d573787dfcd81465.jpg,SUV
IMG_3179_JPG_jpg.rf.991eddc4539257620fc5f382d9f7ab8b.jpg,SUV
IMG_4703_JPG_jpg.rf.b8ab8217926bd9faba7e342feb4fbea7.jpg,SUV
IMG_3139_JPG_jpg.rf.ad6ed33aeabeebb5ea229ba5efd3e862.jpg,Van
OIP-12-_jpg.rf.a8d93dff73c5d46a55584276de096e97.jpg,Van
IMG_0881_jpg.rf.15d7a476100d569dab80e23f401c575f.jpg,Van
IMG_0594_JPG_jpg.rf.8c1be4877698aa4828202dd40d041e17.jpg,Van
IMG_6573_JPG_jpg.rf.a94530493edc0bb80f945a51f8184e69.jpg,Van
IMG_1772_JPG_jpg.rf.9dc2abe4f80296eae594be6f895127c5.jpg,Van
IMG_1260_JPG_jpg.rf.c20a243ac909f15e8399dcad44b3db30.jpg,Van
IMG_3439_JPG_jpg.rf.dc443990bfc5a554f9916fa0cfa5a416.jpg,Van
IMG_6109_JPG_jpg.rf.ae814c8f21573f9576cfda1481b630fa.jpg,Van
IMG_1889_JPG_jpg.rf.3e06d434f35a9217666257cf7c56a383.jpg,Van
IMG_3093_JPG_jpg.rf.9b32489cf500e29fa39d07410711a00a.jpg,Van
IMG_0687_JPG_jpg.rf.1607f3e9025f0a6cf0296755170b8417.jpg,Van
62e46dac684edfc7_jpg.rf.549533d782efcf13d4ae60da4783df1e.jpg,Van
IMG_1859_JPG_jpg.rf.cb17b6db493654ff7045cb0fc6eb96e6.jpg,Van
IMG_1938_JPG_jpg.rf.68517535ac096345d8bc0befd332f3fd.jpg,Van
OIP-2022-04-10T132251-986_jpg.rf.95570d6189d45b466aabb4703ea5e181.jpg,Van
IMG_3287_JPG_jpg.rf.2354dd8aca04b7046d6174988c736868.jpg,Van
OIP-2022-04-10T115112-884_jpg.rf.f544c0ffb088d4f25c0cd42a6047c2f1.jpg,Van
IMG_3176_JPG_jpg.rf.50120148f2fe2c52771d04eb530ed170.jpg,Van
IMG_1223_JPG_jpg.rf.94ff7791111891da46ec5eff8ef6f53f.jpg,Van
1663044311140_jpg.rf.00a5b589d69c363ae64a5b55aff708cd.jpg,Van
9a7ef47747bd56b7_jpg.rf.64ffe4325287cf0b77c16a84cce6bf7f.jpg,Van
IMG_2715_JPG_jpg.rf.11d8937b4b0e7dc4eaf051cef74a3bea.jpg,Van
IMG_0508_JPG_jpg.rf.db58ebd66e3ae7888ca9ac0afde911ae.jpg,Van
OIP-8-_jpg.rf.2d3b07f711a5d2fbe6c487869468cefb.jpg,Van
IMG_6572_JPG_jpg.rf.fef6e090071b3cfb2f3adc69c3a3dcc6.jpg,Van
1765d9b846bd3e63_jpg.rf.73ae8e811e246748445bfc194943f7f3.jpg,Van
IMG_4447_JPG_jpg.rf.fe8ae291fe6c44bdbb40f143d1abc3ab.jpg,Van
IMG_3066_JPG_jpg.rf.fadaa41e0ed97fce89de16508180232f.jpg,Van
IMG_1415_JPG_jpg.rf.47af1e3632304fdfca033c244918621f.jpg,Van
IMG_1378_JPG_jpg.rf.b6027bbb024935cae65fb71b588d3437.jpg,Van
IMG_1774_JPG_jpg.rf.6e9445062283affc2b855f86d93a18d5.jpg,Van
OIP-2022-04-10T122708-528_jpg.rf.bf7cdd58c8b8f1a525b18f37ffa3f4a5.jpg,Van
IMG_2133_JPG_jpg.rf.7ed5503445f01c03fea01721bd6c6e94.jpg,Van
de8a45a8c7af2b25_jpg.rf.d6d0e7dbfdb86e820ddd0c2d4cd610fd.jpg,Van
IMG_0636_JPG_jpg.rf.5d22514f39a7fda023b87f75705f18bd.jpg,Van
284f58e7f0336477_jpg.rf.9e9d47a633ce7ae11936266d89f7dc30.jpg,Van
c1e4d41445801bc8_jpg.rf.7f43efb0153845e3b906ebf42833aec6.jpg,Van
IMG_4639_JPG_jpg.rf.284103255e0b856565bbe2075d0f8ca3.jpg,Van
OIP-13-_jpg.rf.6703bc58d01b90dbdb9d8abe19502304.jpg,Van
IMG_3566_JPG_jpg.rf.f6e52f87d6b72c5406d42f0b0e5a763d.jpg,Van
IMG_1940_JPG_jpg.rf.27227b23ba39ed7af989f8d346e9b743.jpg,Van
IMG_1858_JPG_jpg.rf.3e9718b7800f777c52b5010478154e16.jpg,Van
IMG_0853_JPG_jpg.rf.780c091d4aa07d27eb510f17797bac31.jpg,Van
IMG_0789_JPG_jpg.rf.15994774323df915500fa1821722ec00.jpg,Van
IMG_0637_JPG_jpg.rf.7c3151bff28a58cf298540d9d3595e83.jpg,Van
IMG_4343_JPG_jpg.rf.51e3423910d104f4fd8f980d61d3e355.jpg,Van
OIP-64-_jpg.rf.dcee807546404c4c8f6e32d0cf8b8990.jpg,Van
1663044758449_jpg.rf.767d629dbc82d25f6b12bf1da0094608.jpg,Van
IMG_0934_JPG_jpg.rf.7a96426a806d9e1add751a71f4b482f7.jpg,Van
IMG_4218_JPG_jpg.rf.226011f7d74d6efe959fa92dad87e1e9.jpg,Van
IMG_0789_JPG_jpg.rf.93b5a56ab15c4deecc364dfcdf1f5a9a.jpg,Van
538838470616a0d2_jpg.rf.ebb04b1ec8b1b63dc597f064f1bf503f.jpg,Van
IMG_3274_JPG_jpg.rf.407cf6e036b771bd51c2765ba364f62e.jpg,Van
087745e5089ece34_jpg.rf.d20e0530fc12ddfe0a0cf9756e7d0990.jpg,Van
24f64bd107cbb326_jpg.rf.1025ac470bd52f1094b839cbb0ec4195.jpg,Van
32b7eec80080b657_jpg.rf.8d67d0c6c9191018f9f6f3e50e3ddda4.jpg,Van
OIP-19-_jpg.rf.df089f7976101ab18760853687d86f4e.jpg,Van
321ce91c547d7f71_jpg.rf.4a72cce008d323bcda3cabe38508e137.jpg,Van
IMG_1669_JPG_jpg.rf.c95321d60a80e5339ee29dab014d7bb1.jpg,Van
IMG_1774_JPG_jpg.rf.fa6fad872c12c2fe0d3f47e12c295231.jpg,Van
1663044300087_jpg.rf.f4111f9e4309a7f6af497721d26988e0.jpg,Van
OIP-10-_jpg.rf.c7147bf7b6ed04ea2fcf4261b2828b70.jpg,Van
IMG_0688_JPG_jpg.rf.18d6fefbdf48840655e7458310bc747c.jpg,Van
IMG_1087_JPG_jpg.rf.bb99996987c741571c45f819584b104f.jpg,Van
IMG_5842_JPG_jpg.rf.c7e154676af04558322dc3d7f5772f74.jpg,Van
Van-Gaz_jpg.rf.10829cf4346d37722368e8fa8f63bef9.jpg,Van
77f39e99b099ce1e_jpg.rf.5b3af312b51615793d9cfc5a804d06c5.jpg,Van
f0fa8983ca6206f8_jpg.rf.f3a727cf9083daeafbdb0c5ae4a93305.jpg,Van
IMG_1968_JPG_jpg.rf.29a1ddc6e0bf964073fbe7c0a23810aa.jpg,Van
IMG_0799_JPG_jpg.rf.c96df80453d02063bda66158a4559434.jpg,Van
OIP-2022-04-10T131941-428_jpg.rf.5d445df100882d8f10187e38a9bbf2a6.jpg,Van
IMG_3673_JPG_jpg.rf.be028977cd9e1fffb1dcb052893f7716.jpg,Van
IMG_6869_JPG_jpg.rf.6dd5e7d0bd092e209f23396214c3e154.jpg,Van
1663044367227_jpg.rf.e247fff5e29042c76c987f1ed87b3d83.jpg,Van
IMG_5616_JPG_jpg.rf.c939dce0941b6e7b1375dd2dee6d7ffa.jpg,Van
IMG_2367_JPG_jpg.rf.2ace3d08da395c5519b564218e94416f.jpg,Van
IMG_5365-JPG-2-_jpg.rf.cd7ca9b81efd1b6f4a9c50f4c87c0563.jpg,Van
IMG_1089_JPG_jpg.rf.e3f7926e20c7dc8878b8260a03b44a25.jpg,Van
1663044579888_jpg.rf.db2a42d81c7222934e1b8e28e59a6cf7.jpg,Van
IMG_6045_JPG_jpg.rf.2c5c7bedc64fb0d403591986b328f630.jpg,Van
IMG_3567_JPG_jpg.rf.e19b55551211c25327384b7407d0d5f9.jpg,Van
IMG_2040_JPG_jpg.rf.d1d95c4e3f783a2d4845d77b41c80933.jpg,Van
Dji-0009_mp4-295_jpg.rf.cd361b7d040c7b96c459d819c102a34b.jpg,Van
bb6e8b02b350c5bc_jpg.rf.8cc8be329dc56a04f78dc106dd3ea55d.jpg,Van
1ac5a0881c4c8067_jpg.rf.f995a64e14349e0657243beb38746390.jpg,Van
IMG_5969_JPG_jpg.rf.2ae939308954598daa564bbc089bb95a.jpg,Van
IMG_5440_JPG_jpg.rf.12545bad669b55968cf2b7401a971a9a.jpg,Van
OIP-2022-04-10T132309-624_jpg.rf.f7dfc45e6cc1e2a3cbaaba0408593c95.jpg,Van
IMG_1224_JPG_jpg.rf.ca962c3735d8942a26bd9916fbeb72fa.jpg,Van
IMG_1090_JPG_jpg.rf.036b46db9149a179a0ba17f8c71e57b1.jpg,Van
IMG_4404_JPG_jpg.rf.28b66223f6bc5ba6976a4f90a6ab4dce.jpg,Van
IMG_3175_JPG_jpg.rf.8ca62782675becab24d6c73a04b17385.jpg,Van
e70cd3ba51575ed8_jpg.rf.d797920f2370cb212148d588fc3c1da5.jpg,Van
IMG_3596_JPG_jpg.rf.a55c0e88114bd53cd0a657958856c94d.jpg,Van
IMG_2159_JPG_jpg.rf.6caabd784c9df4749270207a7ff2ad20.jpg,Van
IMG_4923_JPG_jpg.rf.67cb6bb6550d987a86bb59c75cf0fe8c.jpg,Van
IMG_4472_JPG_jpg.rf.3eaee51338a5534616d81f25acd59bcd.jpg,Van
IMG_0592_JPG_jpg.rf.92711ae257082628b9b1c2b631186241.jpg,Van
IMG_1536_JPG_jpg.rf.aa11ff48db014019c4da00dd40bbfa07.jpg,Van
IMG_6091_JPG_jpg.rf.694cac9563a83a29aaa4e02ed9af9fc4.jpg,Van
IMG_4871_JPG_jpg.rf.a09ede036c90c8555f960d684d6e3e45.jpg,Van
IMG_5857_JPG_jpg.rf.cf614a00bb820087f44a1fc656f3e229.jpg,Van
IMG_0311_JPG_jpg.rf.db32e4656c8ac8c2567ecfc8e1dc4554.jpg,Van
IMG_5514_JPG_jpg.rf.f1362a3e983f2f12e78665ba4935cf1e.jpg,Van
IMG_6053_JPG_jpg.rf.5ef189791334f956ef2d428a0bd19414.jpg,Van
OIP-61-_jpg.rf.f8fcea1978ccd43bb8bbb5799d537d48.jpg,Van
IMG_4471_JPG_jpg.rf.fc7dc74d67ed428493ccd8f39b910014.jpg,Van
IMG_3092_JPG_jpg.rf.13992335db2739f540853574b6ec9b1e.jpg,Van
OIP-2022-04-10T131542-090_jpg.rf.ead1bd75e7ca392c0c997052c1ecabab.jpg,Van
IMG_6916_JPG_jpg.rf.b31a9db9c79f0db9c37679641ee874cf.jpg,Van
IMG_5215_JPG_jpg.rf.7073e5b5b01d4d8f46e20a02b1e51164.jpg,Van
IMG_1637_JPG_jpg.rf.e726f0bc33da6f6c280cbbf049ee4d77.jpg,Van
IMG_0578_JPG_jpg.rf.d0119a86bc25fa8cc15fb530434d228a.jpg,Van
IMG_6066_JPG_jpg.rf.fd9ab9ecfa060885930820df67c062b8.jpg,Van
OIP-2022-04-10T125704-757_jpg.rf.89e5dafd18a690d66a40e45a0440368e.jpg,Van
IMG_1939_JPG_jpg.rf.9480e24e8d8c6c9181b2a4f2297f2c16.jpg,Van
OIP-60-_jpg.rf.2d83a4c763893a7e0bb0ab349430a33b.jpg,Van
IMG_0476_JPG_jpg.rf.fb632a5d500c518a944b64db0bd59432.jpg,Van
9dfa6f2b0abe5923_jpg.rf.921fae8c83b580a87b6c99cd7180e421.jpg,Van
IMG_1188_JPG_jpg.rf.0a3371f6542a318326a5fe1cb1b0f37b.jpg,Van
1663044255657_jpg.rf.0b4815f2f0dfd363b721ea9501e996bb.jpg,Van
7266147ffdd00ad6_jpg.rf.859f3571761a3729642066aeb568994a.jpg,Van
IMG_5352_JPG_jpg.rf.27abff9ac1f92cb46d7c9e7b71e070e5.jpg,Van
IMG_3597_JPG_jpg.rf.fde319b5bda878d5a0cd6113697288e5.jpg,Van
IMG_5527_JPG_jpg.rf.45210649043c27ee9f73f1c0ff65b072.jpg,Van
IMG_4403_JPG_jpg.rf.0a77c8b6552d009e67b22d8609b0e507.jpg,Van
IMG_1134_JPG_jpg.rf.56696a6f5511df0634e24f8f2efd5874.jpg,Van
OIP-2022-04-10T131357-266_jpg.rf.43eb4a9580b4493928134456c7e56a4d.jpg,Van
IMG_5062_JPG_jpg.rf.56a34a5f5d99e8722bb4c5825ac5a5fb.jpg,Van
IMG_0835_JPG_jpg.rf.abf69af221da77d4383ddab09dfb4875.jpg,Van
IMG_5502_JPG_jpg.rf.6f24967c1298c3addd1b1024ba24b9f7.jpg,Van
IMG_3267_JPG_jpg.rf.99c62c27c07a87ab8c9a6c63d1f4f73d.jpg,Van
Xe-tai-van-Gaz-670kg_jpg.rf.1f5866c4c10c177490bb4c0e95bffe54.jpg,Van
34815dea2b327895_jpg.rf.4d25a8c01906992c3eeb6ed6a7bb4e8f.jpg,Van
IMG_0719_JPG_jpg.rf.566c29ff714ac455ee2658c36cea86f0.jpg,Van
IMG_0261_JPG_jpg.rf.cb542e6e6ff2c291639ba26a8bce3208.jpg,Van
IMG_0509_JPG_jpg.rf.a5e7f7196184a2466e1dc30866dc6a70.jpg,Van
b0e888dde20f97fb_jpg.rf.48fd7f5becd0ddac9354cd5fd0cf08c3.jpg,Van
images-2022-07-29T180422-721_jpeg_jpg.rf.cf946d4e66eb5331fcc23c61e481d9cb.jpg,Truck
IMG_2747_JPG_jpg.rf.6c3a3bdb5f10dc7bc2c60758a84e2efb.jpg,Truck
21_jpg.rf.cd415021227177ec2159bf7d7eaf7e82.jpg,Truck
eb40b285b9ab4a4c_jpg.rf.4bb243a7a76f9879e868a99c7cc82eec.jpg,Truck
22_jpg.rf.db6677c25ada75c1abf795cf3f18e56a.jpg,Truck
D_B_9-2_jpg.rf.9fe78c083a9e28706dfc3dbab468c822.jpg,Truck
ee8253b1312efdd1_jpg.rf.67d55383d667d23d949de020c976b5ef.jpg,Truck
1e16941746e9dc38_jpg.rf.8a7441e09ba6c7de1d73c324096da3ba.jpg,Truck
images-2022-07-29T180422-117_jpeg_jpg.rf.912588049383900911136e9ae8b33e6f.jpg,Truck
3a0e6b31b55e5e7c_jpg.rf.7a8164c7b4c7723106e895a8cf13bb6b.jpg,Truck
IMG_1284_JPG_jpg.rf.adca90497b4d633183bcc3efe6430416.jpg,Truck
4d62b3eed8f04f21_jpg.rf.199acc0c35d18d9495c277b1c823ac21.jpg,Truck
IMG_4613_JPG_jpg.rf.8e3e4587a32443ba48d6f7bfcfc9ac88.jpg,Truck
D_B_images28_jpg.rf.d10e2072122030db588dbb9c5655f7df.jpg,Truck
e4527471d9fb72a6_jpg.rf.00f0763ff89b3e7476e4f4613fb5070d.jpg,Truck
IMG_2538_JPG_jpg.rf.fb159b930c0ed01d47b90c02b0bbfc28.jpg,Truck
IMG_1549_JPG_jpg.rf.04575df5fd720488be8536a41c4aa62d.jpg,Truck
images-2022-07-29T180429-726_jpeg_jpg.rf.b3b8816e054bf41dff8229b1753916c3.jpg,Truck
images59_jpg.rf.1db4062d4a74dff059f179a8a5bb8ae8.jpg,Truck
1487085214527_jpeg_jpg.rf.0614a6ef81dc697fad7009ee397c5882.jpg,Truck
65de1d0b5665963e_jpg.rf.1d28a48868f55c0e4458dc1e1edbab26.jpg,Truck
8385_5_jpg.rf.a36ba07d0914cc073febb499208b3fb6.jpg,Truck
Dji-0009_mp4-16_jpg.rf.4d16871058daca7c3ffad8e65e0d0fe1.jpg,Truck
28b65a78b34b6e21_jpg.rf.f80cbc49273226e22db2127c58da4124.jpg,Truck
images-2022-07-29T180500-035_jpeg_jpg.rf.3f75702b88cb1e7314e622abc5752da7.jpg,Truck
4a11f53e6903b00b_jpg.rf.21c701402fb064c7f70e6d0a42da1719.jpg,Truck
1663044367227_jpg.rf.e247fff5e29042c76c987f1ed87b3d83.jpg,Truck
D_M_images135_jpg.rf.434f3af19356aa4332663e656d7b429c.jpg,Truck
images-2022-07-29T180456-678_jpeg_jpg.rf.c967f00c1dab5a641f5e71fdb3df3a52.jpg,Truck
d609091f54402262_jpg.rf.d572b497a2b6f0f98fb7ab1dbc1d9933.jpg,Truck
9eb1286efafe7971_jpg.rf.5c0dcc7d5c027c1e83f1050769a5dbdc.jpg,Truck
IMG_5473_JPG_jpg.rf.7730fe93c853df72eac6b6e4e5bf848d.jpg,Truck
96e2b214bb22fc14_jpg.rf.87bcb7489cdae08d9a5298830c3856a0.jpg,Truck
f844e259f6abb6c3_jpg.rf.53ef9c4ffc126a95456b9bdadbf6ad87.jpg,Truck
21_jpg.rf.cd415021227177ec2159bf7d7eaf7e82.jpg,Truck
20ebc5dbe4f2a756_jpg.rf.6f5beddfedf556cf9eee04c48cd5cf56.jpg,Truck
IMG_4541_JPG_jpg.rf.3d0553222d4eced2df29b8bbd727fd77.jpg,Truck
10db56b29482fb4b_jpg.rf.5872420177e27990baa96c6041a0b508.jpg,Truck
IMG_5472_JPG_jpg.rf.d10ef8b00ffbd9f3066f443e089f514c.jpg,Truck
Truck-3450-_jpg.rf.eed9f07d7fb7288cb50be5d01d98507b.jpg,Truck
01e68dc6af2542ec_jpg.rf.629cb4375a7f5f3b005a78698cdedc44.jpg,Truck
IMG_3874_JPG_jpg.rf.7a07e3d50aef179ec81bc7bd24ed1242.jpg,Truck
3bad7eab8efcbcee_jpg.rf.5582807b8982c348fd3c8208413d9af4.jpg,Truck
Dji-0009_mp4-310_jpg.rf.9084a7126c22f6ab14d473e4de99eb1e.jpg,Truck
images-2022-07-29T180437-936_jpeg_jpg.rf.1025c5fdf194d147a2f1aa7cb2a9dfcb.jpg,Truck
Dji-0009_mp4-295_jpg.rf.cd361b7d040c7b96c459d819c102a34b.jpg,Truck
scania-ntg-u-body-tipper-4_jpeg_jpg.rf.86006d3ed4fc5c2f4edd96a0d57cba53.jpg,Truck
11bdcab4366fae29_jpg.rf.e86a7259a1498e0036ad784bb23e0e37.jpg,Truck
images-2022-07-29T180456-448_jpeg_jpg.rf.5f3ffb4eb5c1f7829abe38ffc3f665be.jpg,Truck
0060021ac952f49f_jpg.rf.da7d5472e4362456d71bd09755612fbe.jpg,Truck
9c93a7fd29457571_jpg.rf.20ce4015bb9f45683cfd818ae6380d7a.jpg,Truck
images-2022-07-29T180431-181_jpeg_jpg.rf.99cf90dc8502c2c93d7bc68a1a036b04.jpg,Truck
0a40099390764fed_jpg.rf.da782cef6e6742d47f2d086ff9ea3c8c.jpg,Truck
8b5e4c4357979368_jpg.rf.169b5e34bae566b909afd9fe6f38275d.jpg,Truck
D_B_020438173_1660009494596_85da0b_jpg.rf.9a3c91af107a217eff287dcae5bd1148.jpg,Truck
images-2022-07-29T180429-451_jpeg_jpg.rf.d0fbb6a1bfe972a31addc7f8351af17f.jpg,Truck
18_jpg.rf.9b7429950860284d17960377c1efb619.jpg,Truck
37fcc14124102743_jpg.rf.116eb5218aab484a7728bb01f42ce9c2.jpg,Truck
3c69bd05a654c687_jpg.rf.a90c7fad82703fff643a8f883137a5bb.jpg,Truck
IMG_5251_JPG_jpg.rf.5dee7933ffcf54aaed3f6e13ee16bb95.jpg,Truck
IMG_0245_JPG_jpg.rf.639894149132723eea2161351df5216e.jpg,Truck
IMG_6237_JPG_jpg.rf.d8bf2fe2d0ca345707e79851de62bb04.jpg,Truck
D_H_images213_jpg.rf.5be55f6524ac65bc9ce416898ee0eab7.jpg,Truck
IMG_0247_JPG_jpg.rf.575fb343641c08526544f4db271d020c.jpg,Truck
2013-hino-338-dump-truck-trucks-in-rice-mn2_jpg.rf.8caa43cadf78c2cbf0bda0ef3ddc0079.jpg,Truck
images-2022-07-29T180431-530_jpeg_jpg.rf.06b21fd0cec22919c6a8287ad13cd345.jpg,Truck
352e4a8a775eae57_jpg.rf.23e1ad5c52721c419820975c9813d30c.jpg,Truck
a161f6e16307eb63_jpg.rf.529edcd4342a68415d8ecaf711c6edf7.jpg,Truck
D_S_images5_jpg.rf.96dd14a48b00019ee51aa1bd0523bbab.jpg,Truck
IMG_0549_JPG_jpg.rf.4d92e09befccf81c32ed64afabe9d4d6.jpg,Truck
1663045968845_jpg.rf.77001ccf4894d279ab45831a1cd4ceca.jpg,Truck
images-2022-07-29T180436-502_jpeg_jpg.rf.b13c5f76910d7eeb1132d13162fbc770.jpg,Truck
1663044758449_jpg.rf.767d629dbc82d25f6b12bf1da0094608.jpg,Truck
ds0_img_9_XrTg8Qwcnf_jpeg_jpg.rf.9c9373aa67fab8c68de56d2ed66c91c8.jpg,Truck
images-2022-07-29T180445-875_jpeg_jpg.rf.32a5d9424e829a6714fb18c93b488053.jpg,Truck
images-2022-07-29T180444-325_jpeg_jpg.rf.0d8c90ade86be6632d2fc6314b4e14f5.jpg,Truck
c19a861d34e37efc_jpg.rf.deb9988989b6f28aa411afc3ca97a536.jpg,Truck
dcb271f290cf4985_jpg.rf.1024cc29b5a29a7f99c77fe73a7988c6.jpg,Truck
Dji-0009_mp4-316_jpg.rf.0453085413f6a930048cac9b563082ce.jpg,Truck
D_M_images194_jpg.rf.15862224014c13be9627022ec89a5ddc.jpg,Truck
8b9b4391cb49a7d8_jpg.rf.b35ede92908683953da1a9487d9ee5fe.jpg,Truck
f0acec67f7c55695_jpg.rf.ac90a8f6dc02033865004fd7fa33f923.jpg,Truck
D_M_2214_jpg.rf.ba0427a4709a1f1813e4d3709c100520.jpg,Truck
camion-volquete-MAN-TGS-33-360-6X4-tipper-NEWUNUSED-1_big-17111719231071901900_jpeg_jpg.rf.061e0f0a9377d3c7f89f7c769356bb70.jpg,Truck
2013-hino-338-dump-truck-trucks-in-rice-mn_jpg.rf.634859cdfd194af84f7abaf553dba55d.jpg,Truck
4a43356bc5947801_jpg.rf.26fea37eaac02bd13fec7d792a291d7f.jpg,Truck
c02d6d0b936a59fc_jpg.rf.9625cce2c8426745cc6d3dd634cdabce.jpg,Truck
0d93e97738eb96bf_jpg.rf.93f46bca68d08889789ae8fdcf25a687.jpg,Truck
7775114ab9158328_jpg.rf.140c1fb9069694ad31526e3caacbda42.jpg,Truck
D_D_5ef86ca15832f578665b12163d26fc64_jpg.rf.d6aa5f79c20ba4b5dcf6a512b80c77d9.jpg,Truck
images-2022-07-29T180500-853_jpeg_jpg.rf.370422871d9397956ccf6f44972044e7.jpg,Truck
clip_frente_1670062365_558254-1670062395_590025_mp4-58_jpg.rf.4309e7473c77bb07144cb5adcf28494b.jpg,Truck
images-2022-07-29T180456-871_jpeg_jpg.rf.775522f4196ee51424b3fe49694ff317.jpg,Truck
08ff4af7565e6b81_jpg.rf.954758d6fed2ab5def92ae517edda436.jpg,Truck
a8dde59b2abcc1f8_jpg.rf.66acc0aadb41f43755101c8ce7729e3b.jpg,Truck
25_jpg.rf.2913a36a16e35150a183d5d3821f2e37.jpg,Truck
2eebefe81b122be9_jpg.rf.d17af7fd2c2018d3f034c56b302fbe74.jpg,Truck
images15_jpg.rf.cf50c96305f3a2afc0d348015a64edac.jpg,Truck
e9f76135365b9b0f_jpg.rf.ea9064bcef8798c0ec0c46feda240467.jpg,Truck
D_B_Used-LHD-Mercedes-Benz-Actros-40-40K-Tipper-2013252F2014252F2015_jpg.rf.942ffebc854ecd132d232e8bdd3935f6.jpg,Truck
Dji-0009_mp4-257_jpg.rf.e56d35fab555d52d2f6ac2ac09a5bc12.jpg,Truck
IMG_5122_JPG_jpg.rf.ca568bd19a8c52fb79e0fe24d447baf4.jpg,Truck
D_B_X4-Arcos-5-EuromixMTP-Dumper-1608550194492956606_big-20122113295236612900_jpg.rf.6125285c5c9320648c2da06f381b5305.jpg,Truck
ds0_img_5_VqNgnw4Uhq_jpeg_jpg.rf.f1c2a61004a799ebb17b89e8e9b1dc90.jpg,Truck
D_B_2382_3564365632637_jpg.rf.5c1ca449611e59a2b1dfa81d972adab7.jpg,Truck
IMG_1550_JPG_jpg.rf.68cb9ad13700c6703589ef9c817436ad.jpg,Truck
D_S_listing_1650953562_196603-700x508_jpg.rf.bf6c8058d4b4259b2e36cea03918f3ac.jpg,Truck
177143a6768ab45e_jpg.rf.6b6ed82c75aef123fc928a1062081c58.jpg,Truck
29af45a96c1b05ce_jpg.rf.10d1efaef90dbaa563b1dcfcdc4ea007.jpg,Truck
5f16be94c7e701f6_jpg.rf.9ae84e23801c22dc630726fc64d21f3a.jpg,Truck
047b8dcbf1411136_jpg.rf.4609f4930a0dabf307f37d28904a0f9c.jpg,Truck
2382_1014771487834_jpeg_jpg.rf.281b1b5bf3e9e6bd8423f6bd7708ba5a.jpg,Truck
f46ccac83648489e_jpg.rf.780f961c31d591bae85c3ac7f0fbe017.jpg,Truck
5dedb3ba808b5_jpeg_jpg.rf.9f52d5c4c996eb741894c4842ea707be.jpg,Truck
truck-dump-truck-IVECO-Trakker-410T42-Tipper-Truck-6-units-1648736050596210187_big-22033117135826659800_jpeg_jpg.rf.9763b38f3e7783cb39133aaef15c245f.jpg,Truck
images-33-_jpeg_jpg.rf.4d9a48d0c01655b00cf278b3038e2baf.jpg,Truck
images-2022-07-29T180501-012_jpeg_jpg.rf.99eafded2acdd1af455f34a2b1662cd1.jpg,Truck
D_B_020436374_1659749829574_a315e5_jpg.rf.b726b9ae30d27b2efa110db771ee2711.jpg,Truck
IMG_0246_JPG_jpg.rf.fb947ce4077dce49b5851d6ce79f1b4e.jpg,Truck
0000127785-e1c4b90dff615bb79855bb96c24e10b936415239_jpg.rf.fe67124f5fb524675b758cb2ae3e7fb9.jpg,Truck
98d42aee5cd1dc54_jpg.rf.0f76cdd490ad464ce3194f1fcd61a745.jpg,Truck
_20-JPG-3-_jpg.rf.a7b2dfd63a0868de4c4bec3605d21e18.jpg,Truck
284a81abb7cc891f_jpg.rf.f09fc7d1b2fe6dbf6101d6b15a744193.jpg,Truck
images-25-_jpeg_jpg.rf.b19acf302d05147609ccd54b5111d53a.jpg,Truck
images-2022-07-29T180429-726_jpeg_jpg.rf.b3b8816e054bf41dff8229b1753916c3.jpg,Truck
8b7cff16446c5c61_jpg.rf.65577d4ea75e274547790d36fe3c87ff.jpg,Truck
3a80e56fcf87e94f_jpg.rf.aeb736f6888a24db3120e2429681f771.jpg,Truck
5dccbfccb87875b0_jpg.rf.a4f4c1571f52aa045aac2d6232d36916.jpg,Truck
49dfe85bb2e40d22_jpg.rf.9f0fdaa24eb617e772cf29431e2e91b2.jpg,Truck
a06c454da3b554cb_jpg.rf.0c0acef9ee36911b80ad4ff6f8829864.jpg,Truck
images-2022-07-29T180422-469_jpeg_jpg.rf.054403212142f760cd47630dc7c8718b.jpg,Truck
2_jpg.rf.55e3ac10187282d31862e5ea3e387f1d.jpg,Truck
41426925a54f7802_jpg.rf.f5d9984f8f54efab05e5a7684a30689a.jpg,Truck
33e4536fe31e9126_jpg.rf.98cb7eec60aeb547a906c43c0454d1c4.jpg,Truck
fb9337fd1b5acbec_jpg.rf.01056ef0d3bc657421450af5f0e6b94a.jpg,Truck
18aa89979cae0824_jpg.rf.f50031820c52d15ab11fc034b679b111.jpg,Truck
images-2022-07-29T180443-338_jpeg_jpg.rf.748dea281885ad1864c6ea5cc9388551.jpg,Truck
fcc7aa22d550f92d_jpg.rf.b60cd797267b0af6efd954f45ee60d2b.jpg,Truck
D_M_image8_jpeg_jpg.rf.21e14f8e9fd21bc1bb49a80969a14350.jpg,Truck
aa16c280f21ef733_jpg.rf.285d78f09f3562811302bbe5b9d90f62.jpg,Truck
2ecaba8839e7bdc9_jpg.rf.d710226df189ecd3b02ed4f6a71ce1bd.jpg,Truck
13_jpg.rf.8ffc242f1af8cae28aa3932364154c8c.jpg,Truck
D_M_images233_jpg.rf.376a4051db92e91bd11a599e5b650e85.jpg,Truck
1be4177847b4f0aa_jpg.rf.2884113d083c2c89b0eec8b6590d8e4e.jpg,Truck
ds0_img_9_dh4WpM2ryE_jpeg_jpg.rf.1cb9f38202d9fe8cc14b1bea0db0e060.jpg,Truck
9d183650979b32e2_jpg.rf.7e894e1a575064869e1f07be6a359cc5.jpg,Truck
D_M_images190_jpg.rf.f3efbae8364da1a336765ed094c63ccd.jpg,Truck
images-2022-07-29T180456-966_jpeg_jpg.rf.6d38db55c494867bf1eb38272c0a9bb1.jpg,Truck
a6dfd4008aaebec2_jpg.rf.e55ee0a5ebed52d199ab16999c9d1a5d.jpg,Truck
1663044311140_jpg.rf.00a5b589d69c363ae64a5b55aff708cd.jpg,Truck
add_01-12_jpg.rf.ab4a5be1b531d9887613b6babe9e3232.jpg,Truck
20b4d520ffb15ee6_jpg.rf.5b8ccff10b306eaf7506955e168cd610.jpg,Truck
caada36c52deb10b_jpg.rf.78bfb9eceeee887f7fd9a9b4c058dc4a.jpg,Truck
Dji-0009_mp4-22_jpg.rf.44cbdb45198cf98fe084d76105db4d5c.jpg,Truck
IMG_0380_JPG_jpg.rf.ae7c09fb3e022c1de8776d27cb156fd0.jpg,Truck
2c96b876b4bb957e_jpg.rf.e146c965c7318ddd045da442ff5d0e15.jpg,Truck
IMG_1094_JPG_jpg.rf.0bfbf1f0cb06b67061c797d52834b19d.jpg,Truck
descarga-13-_jpeg_jpg.rf.8f5b5f3642133f2f6ddd77baca05d2b0.jpg,Truck
D_D_Used-Daewoo-Dump-Truck_jpg.rf.2a8f09e1ec90fce8d8fbe7d8bdd3ace3.jpg,Truck
1920x570_zetterbergs-top-image_jpeg_jpg.rf.86ca96e60cf242ead307c28089fbb940.jpg,Truck
D_S_images168_jpg.rf.c2748d1c57d8480a7912af7d55af9722.jpg,Truck
ef35be08ac22f494_jpg.rf.c68e52fb6c9e92684faa0def07e5ca8e.jpg,Truck
ds0_img_10_YvxFvAmLMU_jpeg_jpg.rf.db9af66c52daa9575ed5e6929465f400.jpg,Truck
17a366743f97207a_jpg.rf.37618c57797b643d158d440b3971677a.jpg,Truck
maq_jpeg_jpg.rf.9daa04cea46744d12eb61dbb16af87a0.jpg,Truck
f4d9edbc4d7db7e3_jpg.rf.da781e569c57ed3c5a99c7ed0a2f484d.jpg,Truck
636836c5c1629038_jpg.rf.efadf7434216b0e4d24fe42007b6b704.jpg,Truck
10_jpg.rf.e412b374cc08ca12706a73a7ea1dab5a.jpg,Truck
images-2022-07-29T180437-893_jpeg_jpg.rf.20216d41189388b80739c014a009a199.jpg,Truck
1dbe38443c4c87f4_jpg.rf.943955aa855afaf7ff335cf0ec67f3a2.jpg,Truck
83a47124497c9739_jpg.rf.1807a5bec311fd386f003966b2fc3119.jpg,Truck
35e52b7636f45ba4_jpg.rf.568c22308b96fdc9c721396c223caa65.jpg,Truck
24_jpg.rf.56b498187ecf3995b758a5b8e037b49e.jpg,Truck
30547fcf4cc1cd31_jpg.rf.2ef3f4739d9b5436e8a9a86794afd8df.jpg,Truck
camion-volquete-scania-114g-380-d1xh5k_jpeg_jpg.rf.94b46432f02964f2464d7c1543259ab7.jpg,Truck
7cd74f23c05210bb_jpg.rf.22490c450de7745b7cdc7f7dc3a48cd7.jpg,Truck
c8f7f8fa50db8fc8_jpg.rf.1abcda49d839dd4f823cc39f5bcfc04d.jpg,Truck
af2c2b9e4baf01e1_jpg.rf.22967d1a554a312c582aad2f2f92868d.jpg,Truck
ds0_img_7_81Rqt7i1KU_jpeg_jpg.rf.16fb4a8a6c005be7f117ac57d5a0adc7.jpg,Truck
D_B_middle_1_jpg.rf.526c3b7681afd7285e9950e9a739e4b6.jpg,Truck
clip_frente_1669633056_362707-1669633074_08495_mp4-54_jpg.rf.b4ab0bda7c75a9ac97628354569361c1.jpg,Truck
D_D_images82_jpg.rf.f97a0b2d73fe8c56b218dd2147253cd6.jpg,Truck
40-ton-dump-truck40-ton-tipper-truck40-ton-dumper-truck_jpeg_jpg.rf.ffe2ca01b623070af39640fd13be3075.jpg,Truck
IMG_1679_JPG_jpg.rf.7e62a856c1caa777ed10f0ac3ca3d79b.jpg,Truck
ds0_img_9_dh4WpM2ryE_jpeg_jpg.rf.1cb9f38202d9fe8cc14b1bea0db0e060.jpg,Truck
0e12427a2533b28a_jpg.rf.6198f7b03424525e0f630366a495dc1c.jpg,Truck
ds0_img_7_vIN5dnXMVP_jpeg_jpg.rf.5ac0be4b4599f8cedf46f74a9c3b3655.jpg,Truck
IMG_3564_JPG_jpg.rf.500003def00a6eda4765b5d31df9eca8.jpg,Truck
ds0_img_5_VqNgnw4Uhq_jpeg_jpg.rf.f1c2a61004a799ebb17b89e8e9b1dc90.jpg,Truck
b3f335b3703d015e_jpg.rf.b838e5c6573c688c0e8d61c3eccdb98d.jpg,Truck
Dji-0005_mp4-88_jpg.rf.f90b1013408a2676095fbc50d090a018.jpg,Truck
46ddbc747118c2d0_jpg.rf.c39135f6293b9a43431a8b49e284082f.jpg,Truck
images-2022-07-29T180436-560_jpeg_jpg.rf.b78cc9ab6afe3aafbe36c6c11b130bc7.jpg,Truck
Dji-0009_mp4-244_jpg.rf.d4f92d20f14d169d55f2403a501fb572.jpg,Truck
D_B_images193_jpg.rf.dc6ea7ba1fc5d87edee8de796de5b3e0.jpg,Truck
images-2022-07-29T180431-115_jpeg_jpg.rf.a0b267e5bb58e320e913c792d4ca4a8f.jpg,Truck
949927e5733416a0_jpg.rf.bad54e9c1db167ba03768034f17f67ac.jpg,Truck
images-2022-07-29T180429-235_jpeg_jpg.rf.d5f6377384e4d40a08800b8afc7e3267.jpg,Truck
6045_8_jpg.rf.0d875c72e36080ef56ea4351969613b6.jpg,Truck
14_jpg.rf.b2ffb9762b19593c243254ee3b78e88d.jpg,Truck
IMG_0459_JPG_jpg.rf.901cfd68322f78f03d1998324b77bfb8.jpg,Truck
2dcf689e8fb1f99b_jpg.rf.0df429eb65b7a3075150161d195041bb.jpg,Truck
5401fdb57bce25e9_jpg.rf.34003ec611c9d04279dccf31c771a418.jpg,Truck
30364-1_jpg.rf.38191d983e8eb28848b89949800e0a2a.jpg,Truck
IMG_0379_JPG_jpg.rf.f8e82058d8bb2841e1135c644de65d64.jpg,Truck
e3997705a6d97b69_jpg.rf.59aa0c5dd3b780bfdd13ef8c9f07f697.jpg,Truck
9e4f6f06af74b574_jpg.rf.c43da8abb568dac01a0a94173d321929.jpg,Truck
clip_frente_1670062365_558254-1670062395_590025_mp4-65_jpg.rf.25e13d9fa2236a70fe78d842ffa6fa0a.jpg,Truck
b5da7699df9d387b_jpg.rf.f24cc2d2bec5990ad2b1c3db3be0e9bf.jpg,Truck
bdce265ba330b02e_jpg.rf.9ce54696ee36eb75b9a9547babe063c9.jpg,Truck
67361a6cb0d7720e_jpg.rf.343478f16bf0bc3ab6e3fa8ff082c79b.jpg,Truck
images-2022-07-29T180443-738_jpeg_jpg.rf.257c73cb006a61e3ffb256318e480451.jpg,Truck
fc3999428c336189_jpg.rf.059af97620c9b679621e15c74b9546d7.jpg,Truck
823dc9232c0c68f9_jpg.rf.b1d91c02aa47f606e2cda93b91eb9605.jpg,Truck
031a836081712b50_jpg.rf.b24c7caf1fada70cfd50452a3f3afeab.jpg,Truck
4414_5_jpg.rf.58b914014b9c52e05234e77db295c8eb.jpg,Truck
ea6bbbac8a0403fc_jpg.rf.2c6c53b7357903fff3ed88590cad2267.jpg,Truck
02dfa063fedd67ad_jpg.rf.f825c16cf4a1de1456392aab94667bd3.jpg,Truck
camion-volquete-IVECO-Trakker-410T42-Tipper-Truck-3-units-1649081568075009583_common-22040417123367776100_jpeg_jpg.rf.a1a2f9fd05e4cc2b80f3cd6ee3c5d135.jpg,Truck
IMG_5017_JPG_jpg.rf.4983569ecf8d69287e62a7c586843eee.jpg,Truck
11_jpg.rf.2db9e66496309f5ee066141c6f420151.jpg,Truck
images-2022-07-29T180418-897_jpeg_jpg.rf.2719c8b169ad0645fe8aa8417b4a4117.jpg,Truck
images-2022-07-29T180420-845_jpeg_jpg.rf.10b2dd6d6ed344a8147bd3723df9ec7a.jpg,Truck
descarga-9-_jpeg_jpg.rf.4d6cc8e6aef5531266e1af329cdc5884.jpg,Truck
D_B_3e4f5f97dc8cedb21996369de31b5818_jpg.rf.aaffa6261f6495e53232c5b7e3721308.jpg,Truck
IMG_0550_JPG_jpg.rf.d8c3026b69daf1010b60072ba9db2cfe.jpg,Truck
images-2022-07-29T180437-688_jpeg_jpg.rf.90d8fcfe3e9518499a8d05406eb5e01e.jpg,Truck
00aec8374b069983_jpg.rf.c6abb1c4fc6955078b9206fe4727c257.jpg,Truck
3f848aca65dc2cde_jpg.rf.8afd15985cdef86c84b3d63e07006087.jpg,Truck
4fd75c837abca00e_jpg.rf.da440ced09fc2e8bd735aecb395a3556.jpg,Truck
D_M_truck-dump-truck-MAN-TGS-32-360-1659123872569230127_common-22072922441264956700_jpg.rf.b1436378b6315fc565e07846e28c7baf.jpg,Truck
fb1446e10ba84e31_jpg.rf.69088a14e4ce83553a111448eedc7e93.jpg,Truck
IMG_4793_JPG_jpg.rf.0814a841d6903badc36be51c445cce5c.jpg,Sedan
04924_jpg.rf.81b768c353bd561515b9a231fa3db475.jpg,Sedan
IMG_4543_JPG_jpg.rf.75e538e9331665a74ab4afaa9adf1348.jpg,Sedan
07899_jpg.rf.728c49cec2294128bf9cea50f0faf2cb.jpg,Sedan
IMG_5549_JPG_jpg.rf.b011855cd3b221b0cf9ab5899c74ba65.jpg,Sedan
IMG_3658_JPG_jpg.rf.7c5db96c35abde48bbdaa7a9f4fd0d28.jpg,Sedan
07438_jpg.rf.d649085934938f0365ccad1a6ffc46b1.jpg,Sedan
IMG_0053_JPG_jpg.rf.19cf418be013d89d701faa303d258ff4.jpg,Sedan
04dd29c890f10af9c51f16b82ecc69a0_jpeg_jpg.rf.ffed677edaecd919f1c35188d5bdeed3.jpg,Sedan
IMG_2693_JPG_jpg.rf.b8005e47080ead5392030c1476c40516.jpg,Sedan
IMG_3656_JPG_jpg.rf.27f01a688ce32a1030bff9fb576ab6db.jpg,Sedan
IMG_6875_JPG_jpg.rf.64dcf7c54a8a990cc32fbe40060f0acd.jpg,Sedan
1663044579888_jpg.rf.db2a42d81c7222934e1b8e28e59a6cf7.jpg,Sedan
IMG_0867_JPG_jpg.rf.4b1f07eb8fa120985c047fc09b4c100f.jpg,Sedan
05072_jpg.rf.b8b5a8aa9fb15b6981fda3c5024a282a.jpg,Sedan
07653_jpg.rf.8bcb035b15cbb2a6f19958c29b7a7494.jpg,Sedan
IMG_2990_JPG_jpg.rf.a6b07dce9803bb103e5054ce9149a43f.jpg,Sedan
IMG_0150_JPG_jpg.rf.d58773082352176a0174c8d7706d3cf2.jpg,Sedan
IMG_4736_JPG_jpg.rf.f3e7814079edf7d5eda5d10bcab19560.jpg,Sedan
IMG_0948_JPG_jpg.rf.a768d43159ef83ae1d45fc1a7e0653c7.jpg,Sedan
IMG_2425_JPG_jpg.rf.91251c752cb6ddf41913600a790b7d2b.jpg,Sedan
IMG_2428_JPG_jpg.rf.be49baedb17b03c6f7a0e8f326303cd4.jpg,Sedan
pl_license_plate_78_jpg.rf.206809852c514f65270c64c13f640897.jpg,Sedan
IMG_4907_JPG_jpg.rf.c713130aedcffb9858c3a9c669aeaefd.jpg,Sedan
IMG_2957_JPG_jpg.rf.e49c272edda76b17ff101e99bd8d3480.jpg,Sedan
IMG_1061_JPG_jpg.rf.7b855a90eb010553af9632a99d5d210d.jpg,Sedan
IMG_5635_JPG_jpg.rf.f8d1656a56509534fe87e25608be1aa6.jpg,Sedan
-1D1CDAD8-AB52-4C15-99E1-0F46C88FD2BB-png_jpg.rf.d8c09443509259a14e2a10d93a04d31e.jpg,Sedan
IMG_3080_JPG_jpg.rf.4accd815cd6403a57a38aeca2661016f.jpg,Sedan
IMG_4149_JPG_jpg.rf.08c1adc5b017116483c0d579c8604009.jpg,Sedan
IMG_0689_JPG_jpg.rf.297c509c42db7341b4b183928cfda117.jpg,Sedan
04446_jpg.rf.cf9640ded27ae825d46772c356b005f3.jpg,Sedan
IMG_0334_JPG_jpg.rf.8d9dafe889bd4448adf772d1b56903a6.jpg,Sedan
IMG_3442_JPG_jpg.rf.df1383aa8e62ba37d884b9c7983ae807.jpg,Sedan
IMG_4235_JPG_jpg.rf.21ac48d202f4253055a222451eb6e313.jpg,Sedan
IMG_1286_JPG_jpg.rf.db9635f7aa490316bb4649832705625b.jpg,Sedan
IMG_3995_JPG_jpg.rf.5a33690e3bf017e7f420bbb5c0ec9704.jpg,Sedan
IMG_1763_JPG_jpg.rf.42c30a510d70cae52ff0c948f7fe3abd.jpg,Sedan
IMG_4010_JPG_jpg.rf.41f21a5d4e1435dafe0ce88e80c0e9db.jpg,Sedan
IMG_4769_JPG_jpg.rf.9045bdee88034289246aa4c148e27fa6.jpg,Sedan
IMG_6116_JPG_jpg.rf.2c3de891427d5a755d28c4f9d74f53e5.jpg,Sedan
IMG_1178_JPG_jpg.rf.e7304d6fdc00f89213d5fec87f595775.jpg,Sedan
IMG_4737_JPG_jpg.rf.f81904bc680d5c9440a2299bcccae97c.jpg,Sedan
02357_jpg.rf.1c22f7e0a51286a2a6d186a0ba9f0598.jpg,Sedan
IMG_3161_JPG_jpg.rf.6ee9d94f362cee4ceb02618d497389be.jpg,Sedan
IMG_5816_JPG_jpg.rf.680b28bfec75f462955943343b074289.jpg,Sedan
IMG_4838_JPG_jpg.rf.fd30200a2c2f4e29e26e435b31d29516.jpg,Sedan
IMG_5636_JPG_jpg.rf.a656bfe81ebd438ac052f0a30d70e9a3.jpg,Sedan
IMG_2193_JPG_jpg.rf.424eaa9b4b4430105c4d325cd72054e0.jpg,Sedan
IMG_1812_JPG_jpg.rf.962ce44f8ddc0557f317ae2063c60a45.jpg,Sedan
IMG_6372_JPG_jpg.rf.91e6b12357e05f3081cdc2ba3f8673f6.jpg,Sedan
IMG_1177_JPG_jpg.rf.3e34b4934158e1fd908cda5373c5858f.jpg,Sedan
02908_jpg.rf.63c7b55a400b9a1cf7a916210c3642f4.jpg,Sedan
IMG_0915_JPG_jpg.rf.18e70bb088bd9f7ea8c8fa01b693d495.jpg,Sedan
1663045968845_jpg.rf.77001ccf4894d279ab45831a1cd4ceca.jpg,Sedan
00336_jpg.rf.bd38d953676a014903fa99848511c118.jpg,Sedan
IMG_0235_JPG_jpg.rf.5d7a88437331ddc958d5dde33315b093.jpg,Sedan
IMG_3963_JPG_jpg.rf.5e7d54533470bfe36641cefa2cb245b3.jpg,Sedan
IMG_2795_JPG_jpg.rf.023dccbfca83898f46fe118c2bcbf39c.jpg,Sedan
03902_jpg.rf.0ea4d41f68bad1eeb5be742fa1da5e3b.jpg,Sedan
IMG_5719_JPG_jpg.rf.4ca817f91fece8555459df12cadeeb46.jpg,Sedan
IMG_5792_JPG_jpg.rf.c52b1b66a0be0eb03021565b50d9b006.jpg,Sedan
IMG_1235_JPG_jpg.rf.c36ec5cd80ccecb13a58eb868ae9e75e.jpg,Sedan
IMG_0264_JPG_jpg.rf.002e8380be0f88743c787cd22d8ba492.jpg,Sedan
IMG_4151_JPG_jpg.rf.ada3699aaa4fbf1b3e49e3981ee1a655.jpg,Sedan
IMG_4322_JPG_jpg.rf.a718fbe1feec964f5432929be839c8ec.jpg,Sedan
01255_jpg.rf.2cdc99a1293ef59c37cf8bf657e63f5f.jpg,Sedan
IMG_2264_JPG_jpg.rf.478031ac976d3199507ed836fd5c03bb.jpg,Sedan
00373_jpg.rf.d9430e4508a8903f1556bc99765c530d.jpg,Sedan
IMG_0470_JPG_jpg.rf.1ef925d5c147f2dc03681a8460970975.jpg,Sedan
s4j6c7NFTutlH-lOOXn7YuaSnHugJEL3NiGkW-LeUy2jQRSqzYkeTTyvSv6anXVuaGaZtx9gcCYmDMRrLgsycO4g1nsp2rum_jpg.rf.881670aed5c1354c16e0d3997cc0e1ef.jpg,Sedan
32b894baea51bfd0f61fc93b9b289ec2_jpeg_jpg.rf.3c6bb06d81537e54da46d438a8a05226.jpg,Sedan
IMG_2150_JPG_jpg.rf.abf664fa045bdc8980ce124aa5a9fefd.jpg,Sedan
IMG_3496_JPG_jpg.rf.28d5f9e53b22e675f93c06130bd9619c.jpg,Sedan
IMG_3659_JPG_jpg.rf.7113bca27586df17a231a95d874ce364.jpg,Sedan
IMG_0739_JPG_jpg.rf.18ecc4f986a40991eb616a1253945f3d.jpg,Sedan
IMG_3396_JPG_jpg.rf.b285a6b9507c861c07373e7768d2a294.jpg,Sedan
IMG_5497_JPG_jpg.rf.7570472c4974202de1ac12a018465729.jpg,Sedan
IMG_1135_JPG_jpg.rf.99a33a516b82aca3e93cc29aadeba2e5.jpg,Sedan
03503_jpg.rf.2c2edb81df0827f0d96584db09382777.jpg,Sedan
IMG_1543_JPG_jpg.rf.4846a6c366cd4f33a2488c40e9c348c9.jpg,Sedan
01500_jpg.rf.f6860e09178179bea8e876680bbec3d9.jpg,Sedan
IMG_3254_JPG_jpg.rf.8c68200da5086812151957d4b268b335.jpg,Sedan
IMG_0846_JPG_jpg.rf.d66417ed4c236d60e3ddf9d8692ff2b6.jpg,Sedan
IMG_3731_JPG_jpg.rf.078f662a591bdf0e3b366eb4ab5391c2.jpg,Sedan
IMG_2160_JPG_jpg.rf.a7aeb5527eb95412daaab7fbc7f0adf7.jpg,Sedan
IMG_1544_JPG_jpg.rf.0670ed7e64f47e82118310394f69e130.jpg,Sedan
IMG_6373_JPG_jpg.rf.27459fa8a8eb5a31f27362e16fecfcf2.jpg,Sedan
00606_jpg.rf.94215d5446a6ab17e037e308df83c770.jpg,Sedan
IMG_5277_JPG_jpg.rf.2adf1daad2f3c8859e057fefcf426516.jpg,Sedan
1d54281203909dd0_jpg.rf.3fd9885fa68ec1c19e05aae7987ac678.jpg,Sedan
IMG_4150_JPG_jpg.rf.323e60478a653075835017ca04942f6c.jpg,Sedan
IMG_5486_JPG_jpg.rf.102b81c35f44cce72db1b625496ed5cb.jpg,Sedan
00184_jpg.rf.e40df5db2dee6fd49e23c2592f64762a.jpg,Sedan
IMG_5308_JPG_jpg.rf.8c4ee769931f25fdb68dd2ce4dc4a4c5.jpg,Sedan
IMG_1378_JPG_jpg.rf.b6027bbb024935cae65fb71b588d3437.jpg,Sedan
IMG_0156_JPG_jpg.rf.5deb465ca84d7fdc990bfede81de6758.jpg,Sedan
IMG_4541_JPG_jpg.rf.3d0553222d4eced2df29b8bbd727fd77.jpg,Sedan
S4CVBN3D0O25_jpg.rf.55341d12cb361aedcfb5849700da589c.jpg,Sedan
IMG_0336_JPG_jpg.rf.8d22b29059354c6639497388ce9ef5d9.jpg,Sedan
1663044758449_jpg.rf.767d629dbc82d25f6b12bf1da0094608.jpg,Sedan
IMG_4796_JPG_jpg.rf.14c976372f764755b7e89e016979affc.jpg,Sedan
1663044566708_jpg.rf.96b4538c2b99f0742d4d218591984060.jpg,Sedan
IMG_4827_JPG_jpg.rf.09aee55d79dd7ccfea46bb016c329d83.jpg,Sedan
02235_jpg.rf.73ed628c2504b41f079ac9f9fb372051.jpg,Sedan
IMG_3519_JPG_jpg.rf.d718efb16468cec0997b23da5b07f5c0.jpg,Sedan
IMG_0237_JPG_jpg.rf.7785d15c554a63609b185d3f192df245.jpg,Sedan
01995_jpg.rf.909a7861dd25580e6e2799993a45c3a7.jpg,Sedan
IMG_3965_JPG_jpg.rf.cceac7708a62492db2e17f4343366fd8.jpg,Sedan
IMG_0896_jpg.rf.acafa3d9856b6769b76cf3b6ea845333.jpg,Sedan
IMG_1236_JPG_jpg.rf.1df496713930e9b3e9d4b2cbd331ad87.jpg,Sedan
IMG_4559_JPG_jpg.rf.fbab3a8cb16d9cf928c1cb59edb07d26.jpg,Sedan
IMG_1613_JPG_jpg.rf.de6ce8cff360f84af88f672fa758fe6a.jpg,Sedan
IMG_0829_JPG_jpg.rf.c5b7c4dd79d242280f2fcc162331f96d.jpg,Sedan
IMG_1729_JPG_jpg.rf.dfd4a1ce79d8710e7382f63d2a6765b8.jpg,Sedan
IMG_2848_JPG_jpg.rf.eeb64df397be224fda3238d721d3d812.jpg,Sedan
IMG_2004_JPG_jpg.rf.3e0ae5ba3cf6166da65ac0b2f78eb3eb.jpg,Sedan
1663044216271_jpg.rf.8e6d1b171e2d3b127bb52256db6c8aa6.jpg,Sedan
1663044216271_jpg.rf.8e6d1b171e2d3b127bb52256db6c8aa6.jpg,Sedan
IMG_3536_JPG_jpg.rf.a90ce08b458486f9ea663bb3695cf3c1.jpg,Sedan
IMG_1593_JPG_jpg.rf.d1dd407e2a7db9736ee76aa32c175200.jpg,Sedan
IMG_3492_JPG_jpg.rf.82e1e15be70d26741fbfece7f8a866b5.jpg,Sedan
IMG_3558_JPG_jpg.rf.b54274162e72637ece8f9cfb1339bc67.jpg,Sedan
IMG_4390_JPG_jpg.rf.cd38d8c2e2fcae09138dfb33ff7a4da0.jpg,Sedan
IMG_4712_JPG_jpg.rf.8c729a05a553650a3966dd5d31a6ffff.jpg,Sedan
04204_jpg.rf.5144dbfbde360540f1615dfa2f0ece8a.jpg,Sedan
IMG_6101_JPG_jpg.rf.a3d68bea07d6fc60d545927e56daadd8.jpg,Sedan
IMG_0054_JPG_jpg.rf.33cdd7d3404a6070ef9953a5b0f194b6.jpg,Sedan
1663044311140_jpg.rf.00a5b589d69c363ae64a5b55aff708cd.jpg,Sedan
IMG_6080_JPG_jpg.rf.f5f38d654b7d3f0ecc73a306b2919b71.jpg,Sedan
04840_jpg.rf.987bba6a800682e74b803883a7989c7b.jpg,Sedan
IMG_4152_JPG_jpg.rf.bd0d7f2c98e343ff40df0fce841007b2.jpg,Sedan
IMG_3943_JPG_jpg.rf.d495d6430fc4d5e3f3706272e6a2c069.jpg,Sedan
07726_jpg.rf.033c78e9d26c94c9f904d0cf502b2a67.jpg,Sedan
01403_jpg.rf.2160f44aa4e23127fca3220f23817297.jpg,Sedan
IMG_5973_JPG_jpg.rf.7eb0f2c22ccc90f56024b66eb1e67dea.jpg,Sedan
1663044300087_jpg.rf.f4111f9e4309a7f6af497721d26988e0.jpg,Sedan
IMG_3441_JPG_jpg.rf.168b75cefe47f60a8ebed8ff80a0c51e.jpg,Sedan
07482_jpg.rf.e636d3aac89dde1f051965303cf8fb4a.jpg,Sedan
IMG_2689_JPG_jpg.rf.a74e8a0f7c49d647692a10d680d93505.jpg,Sedan
IMG_5888_JPG_jpg.rf.d3821a84ee013d04674ec65e9e60b0c2.jpg,Sedan
IMG_2849_JPG_jpg.rf.689cfd372f5ad3712aad54621b2dcb63.jpg,Sedan
IMG_4747_JPG_jpg.rf.e590f84f364fbfece01c5fc7d99f5546.jpg,Sedan
IMG_2679_JPG_jpg.rf.9539d7ccf96bd830bc06a7fc315744dd.jpg,Sedan
IMG_0265_JPG_jpg.rf.0b8449269f2908b20863b780974be199.jpg,Sedan
IMG_1735_JPG_jpg.rf.e61a3126c193aa2e8902176eafb3ab61.jpg,Sedan
IMG_4436_JPG_jpg.rf.4c262387931e274d000c4e180cad1e21.jpg,Sedan
06490_jpg.rf.b061e529bd458662b32105913c6cf8ec.jpg,Sedan
IMG_4745_JPG_jpg.rf.870baa53a0c1bdca6de2eb1e9140f2ad.jpg,Sedan
IMG_5513_JPG_jpg.rf.9d0a5721c5a9ca3feba4586e9e32a832.jpg,Sedan
IMG_0077_JPG_jpg.rf.a30a6f92f1695f8f8c83cccb4505ae7b.jpg,Sedan
IMG_1314_JPG_jpg.rf.4cee2b56ad757912e58ff57336cff69d.jpg,Sedan
07449_jpg.rf.99404e0ade18b96b359e64f93b0ae438.jpg,Sedan
IMG_1362_JPG_jpg.rf.1347d74026dbe5d14ef24dd2ecea365e.jpg,Sedan
07754_jpg.rf.3b58d2ebb247f47140f3fe38027807f1.jpg,Sedan
IMG_4117_JPG_jpg.rf.95831e469d7578a711ded8f659517df4.jpg,Sedan
IMG_5550_JPG_jpg.rf.15610243c870d25113dc3a0ab514b79e.jpg,Sedan
IMG_5397_JPG_jpg.rf.46994cdd2ddbefa7bbd478f41c1c61cc.jpg,Sedan
IMG_2085_JPG_jpg.rf.0590964b95c64ba9966ef9ad81fe9390.jpg,Sedan
IMG_0979_JPG_jpg.rf.89edb1dcd95ca7c9e7f4d388ceb0847f.jpg,Sedan
IMG_1529_JPG_jpg.rf.fa8325def556006ac66a11c66ae76672.jpg,Sedan
IMG_1971_JPG_jpg.rf.2e3eed24834bb304c5f00798d18a232d.jpg,Sedan
IMG_5775_JPG_jpg.rf.53f8a781872a4b950c4901194ce8e838.jpg,Sedan
IMG_4977_JPG_jpg.rf.070bf196ba74d63c717b0e44bedd5757.jpg,Sedan
IMG_1592_JPG_jpg.rf.410063c8e83239f4ecc712e917d36a5d.jpg,Sedan
05445_jpg.rf.fb7239f9121fdc74119e0142392eabce.jpg,Sedan
IMG_3622_JPG_jpg.rf.d3261c73fb31e75fbf1c5af0bed55436.jpg,Sedan
IMG_3730_JPG_jpg.rf.e3fe90b759717cb2f4b7865e05c22718.jpg,Sedan
IMG_1832_JPG_jpg.rf.97775c0b2f7cf056d59f4dbe73c41589.jpg,Sedan
03047_jpg.rf.7b5e815197b07721ba68e4867586ac55.jpg,Sedan
IMG_4435_JPG_jpg.rf.aae68726691e1ad12a546ee6ebe3a488.jpg,Sedan
IMG_3621_JPG_jpg.rf.f7182403f1f19c0bd2a70c9de16312aa.jpg,Sedan
01178_jpg.rf.94d83042625c19d931339a47dc0f8321.jpg,Sedan
IMG_2596_JPG_jpg.rf.23968701cb570b7c8cbe8c6864489861.jpg,Sedan
IMG_1286_JPG_jpg.rf.45b695841cd580ecf1831265191adb97.jpg,Sedan
IMG_0880_JPG_jpg.rf.c27bb5fd9d9bfd50f5da661bd13f5d09.jpg,Sedan
IMG_1492_JPG_jpg.rf.c2e0f2d99b538d5d73f26e44f2717d69.jpg,Sedan
IMG_4962_JPG_jpg.rf.354eff6695a3927d76b92bb15ff1cea3.jpg,Sedan
IMG_1454_JPG_jpg.rf.11278a9348f44651daae3d7b608a0c50.jpg,Sedan
IMG_3556_JPG_jpg.rf.5c37832865ec514a01c7cd5f161d06b5.jpg,Sedan
IMG_1288_JPG_jpg.rf.1dcf22224828e876f74cddf0e0ea2858.jpg,Sedan
IMG_2837_JPG_jpg.rf.7b4d523cac240958b174f7ec953eaa2a.jpg,Sedan
5095d644e7feb9ec_jpg.rf.5bb698793a6ea184089b78426d5413bb.jpg,Sedan
IMG_5594_JPG_jpg.rf.076be785b91afb795c4667c6e018e115.jpg,Sedan
06391_jpg.rf.2c0cd48f99d5849efce9a7be61eb80bc.jpg,Sedan
IMG_0648_JPG_jpg.rf.76e35c0387430a280b0199620e027d08.jpg,Sedan
04916_jpg.rf.e8327ec3c5f0666bab0d50503cf47816.jpg,Sedan
IMG_3108_JPG_jpg.rf.bae8c5c57be7829deeb9baffb79a7306.jpg,Sedan
IMG_4552_JPG_jpg.rf.08586c2ef5b0ae7563fc6d19b5083799.jpg,Sedan
IMG_1889_JPG_jpg.rf.d595189517a23fc199d9c4692137c9e1.jpg,Sedan
IMG_1148_JPG_jpg.rf.2eabade5dcedbb63dd5897efe19e9773.jpg,Sedan
05430_jpg.rf.3865ff935abe78cb25562a04ad652f3b.jpg,Sedan
IMG_1149_JPG_jpg.rf.a44c40979d78aba09d79769e3eb46310.jpg,Sedan
IMG_0845_JPG_jpg.rf.611b794573758072bdba71107ef9897f.jpg,Sedan
IMG_1661_JPG_jpg.rf.ef38c8e6536dcd974a859b1dd07e141b.jpg,Sedan
IMG_1728_JPG_jpg.rf.79764085b23912f8fb30cdc3f18e02a1.jpg,Sedan
IMG_0881_JPG_jpg.rf.db1340fce051fc0fa4a849d6fee67402.jpg,Sedan
IMG_6134_JPG_jpg.rf.2655878c08cd26379bcdc4238276da36.jpg,Sedan
IMG_0115_JPG_jpg.rf.4dde2efb4a281d1bf5940ea3ec41e047.jpg,Sedan
IMG_4570_JPG_jpg.rf.63cec6c0a6c96e77e7254267b6e2e317.jpg,Sedan
07399_jpg.rf.7b31084213991c622ca524733bfe8354.jpg,Sedan
IMG_4540_JPG_jpg.rf.4603a7876220a1abab7022949c265126.jpg,Bus
f9aa8a66d0160fd1_jpg.rf.972923cc7c047d5979e9e55ad7af7683.jpg,Bus
fc7a38d32842b9e1_jpg.rf.d21db0be4c945bd375e81ace0cd26cc5.jpg,Bus
600ce764bb6b6226_jpg.rf.61db9b2392145df97d59e5af9c593b5a.jpg,Bus
e7f185c93cd67390_jpg.rf.077d79d4063c60c3c12cb59387add61c.jpg,Bus
1f77879b041fed85_jpg.rf.0089bdcd58aa495baf09d5c94807f676.jpg,Bus
0e4b99496fdad186_jpg.rf.7865f640d1ada94a0fdfe6cef68be88c.jpg,Bus
00fedf6008a8f933_jpg.rf.8fcacf6ab2106570211f1b3b4312b50c.jpg,Bus
d00a714bdb7cae28_jpg.rf.325761708ca4d4f735ae9b4e496bbda0.jpg,Bus
0a41fefd1f5df27f_jpg.rf.6ae19ab272f8366892d4d5ea09376a97.jpg,Bus
b8712f2878c6a22a_jpg.rf.bcf733c1699c9dcd65a8846f9b2b7377.jpg,Bus
ef8ac56f7bb33a9b_jpg.rf.7eee8be1cfae706e129c5bf849c13282.jpg,Bus
IMG_6327_JPG_jpg.rf.4159fb0f0732c71afa356558053d14ae.jpg,Bus
f3179f04b10b4c9f_jpg.rf.6b47f62b5819a601db91986bf6ba3b22.jpg,Bus
00edd52b1922df7b_jpg.rf.bb45233e0fdba1e4cd855cb2366dd2e7.jpg,Bus
f41f10666533656b_jpg.rf.b031a6baf2559733d198b73be4ef610e.jpg,Bus
012705f00d27f8fa_jpg.rf.29c79c1ff5ca5ae8e98d443bc6910111.jpg,Bus
ec220538760d5741_jpg.rf.fc1a4ab69e10bd69c4386e5ae7a7a47a.jpg,Bus
IMG_1604_JPG_jpg.rf.00afda28f2d3a2bfff0e2acf32118531.jpg,Bus
1d2555d8c952222e_jpg.rf.44dd2d636fec96382d14a99cb91b94a4.jpg,Bus
IMG_0662_JPG_jpg.rf.5e4c6a27748f3c22f3fd8d4b18b076e0.jpg,Bus
3948468b8b235148_jpg.rf.af90325c75fdf0864c99fd02159dd534.jpg,Bus
049cf821428f78a3_jpg.rf.4b15c7bda2aa617e65f1014c451f6520.jpg,Bus
d034949c79ce044d_jpg.rf.3cbe6c671023fd96a71e225f16584d6a.jpg,Bus
IMG_2615_JPG_jpg.rf.49d4e22aad85c1030af68f63bef51559.jpg,Bus
d914921666c9b7d4_jpg.rf.0017f422df9cf0bf3eeba6c3223af4c0.jpg,Bus
IMG_1644_JPG_jpg.rf.de2dca1d9ab2e08ba7324e677253224a.jpg,Bus
8a267c1c4b5fc638_jpg.rf.e8f94d88cd1ef5606da51d6346839fc5.jpg,Bus
IMG_6328_JPG_jpg.rf.a80a24ca003f6d320f76581a480a41d0.jpg,Bus
e7991c7f5d197e0a_jpg.rf.cd9d8285eb56599ca28473fa20740e1b.jpg,Bus
2165d1c8269fb997_jpg.rf.b251bcea5fee65a4ef246b8a968ebcd4.jpg,Bus
IMG_2688_JPG_jpg.rf.6b23569b05a9b877be216be52b33b08e.jpg,Bus
0780c0bedb9815af_jpg.rf.5c3318ea5a387ae19a4233821c933895.jpg,Bus
cf70e9b7c9cf1f30_jpg.rf.35b90dd73e4a6fe65d22f0e12830b9f4.jpg,Bus
IMG_5386_JPG_jpg.rf.ec5f5ce9a5f811d79bf358e88c5eaa47.jpg,Bus
f2b2cc9d91cfcaf4_jpg.rf.f9e4ea611ebce210e3f89b4c8866aa03.jpg,Bus
8d1ac42d8dd0d237_jpg.rf.7f9e7bfe1820edae01515f87f80b087e.jpg,Bus
0ae1fb4adff62092_jpg.rf.111edfa26c529b3a9e76d69f05f539a6.jpg,Bus
03d55299d9f9bf52_jpg.rf.ff63a060fad9c7c51b982ef578a499b4.jpg,Bus
02b43d2d16beca01_jpg.rf.2eadf2b7752d20839773f30ed701d02f.jpg,Bus
0d65fa2fd9ec877c_jpg.rf.1a9bcee3f2179f477a450495623db684.jpg,Bus
a0cfe968f2a05880_jpg.rf.1d66f56fe0558beb7df237497ec8a8c5.jpg,Bus
02f5d1eea370297b_jpg.rf.b32c543cc3ddfdc9c2014d5a1ce8b8d5.jpg,Bus
4d332826206c056a_jpg.rf.e5844e76fd0e602029451209b866931f.jpg,Bus
IMG_4539_JPG_jpg.rf.571ca322667b2cedd50b26eb9dfe5c25.jpg,Bus
1672de57c00d40bd_jpg.rf.dd5f9ad8e1a55b09dd8b8d220dc14b9b.jpg,Bus
b3b8d291977881b5_jpg.rf.fc947723f85e9a6b1df2c399a7688977.jpg,Bus
f4a503e24265a7e1_jpg.rf.bfc2d848e51409c0f8d3fffa667fef7c.jpg,Bus
b9cf984072f0c7a2_jpg.rf.d7dc8f9b1e121c975928ee3c7294fcc1.jpg,Bus
d4b882b015d4bb56_jpg.rf.8bdeaa7ed6dc2fe7477ca27f95a017ca.jpg,Bus
30cc45f0a8e68248_jpg.rf.c394c3c37e77d4b71e9a9b0d92e1ec3b.jpg,Bus
0a35e06bbb367964_jpg.rf.154287ec5efb3629b22d2a2d45cb0b92.jpg,Bus
IMG_0571_JPG_jpg.rf.55d0c90fcd72ea7712159602618adbb2.jpg,Bus
6090033412d21fd4_jpg.rf.e1cb20313f3c1392c096959925a41a17.jpg,Bus
IMG_6042_JPG_jpg.rf.9ec533fb08fdd9e9eb2bfb544b93a66a.jpg,Bus
2e6dcc851982a85d_jpg.rf.26af89e333c069dc34c9a19e93810c6d.jpg,Bus
IMG_0232_JPG_jpg.rf.b47c0622236cee0f1f27b7b284aa9826.jpg,Bus
eefc04caa96e6e25_jpg.rf.676824ba6ad760cd20ade02bf5ff21ac.jpg,Bus
64d0fe319138fe07_jpg.rf.d88ae371eb350120198442e28c97b20e.jpg,Bus
4451a288f6b18936_jpg.rf.65cfbb8dea6b65a6ebd22fb856fceef8.jpg,Bus
bicycle-406-_jpg.rf.994b017145afd64dd4515287015d7370.jpg,Bus
IMG_5377_JPG_jpg.rf.ef379c2b50217ea48c155506b7ddf0fd.jpg,Bus
293622ee67983ed5_jpg.rf.6712e5ff6ce49a63cc09daeeb7bc316c.jpg,Bus
f69a20bda8f47fea_jpg.rf.a66df4f0387468f3c6f85709b096ce66.jpg,Bus
d282179e2ec4c36b_jpg.rf.cd0565fc0da5e4b6df85f8f8c0234a23.jpg,Bus
3d7325586aa114e1_jpg.rf.5ed228be372bd244e39819b6f820c6e0.jpg,Bus
31f4c797a36f9e54_jpg.rf.b018cb066dd2c4218a47f7c25190e4dc.jpg,Bus
edf9bb5e4438273d_jpg.rf.a68ce20c0ac24dc63c53d2378ec9e2f6.jpg,Bus
c1e4d41445801bc8_jpg.rf.7f43efb0153845e3b906ebf42833aec6.jpg,Bus
ee663423d40a4467_jpg.rf.ecff67c33cafd0d136ad8d8ecbbe906b.jpg,Bus
daf8e18866826fa0_jpg.rf.4b53bde9cb4d9b106cdd3251eaf9eede.jpg,Bus
efa46f78789e965a_jpg.rf.5e06fa5d025339cda1d84cbac0ddcf95.jpg,Bus
2aaa529f326f1219_jpg.rf.62f1dc29da7633ce8bd2277013a1a9b8.jpg,Bus
df6853e8e0d21088_jpg.rf.a9a3a8ab387ad6257704340558939956.jpg,Bus
60594f6b4827f2d5_jpg.rf.846926ae96609f6044f1fa7ebf0996dc.jpg,Bus
0a7689b7d3b93254_jpg.rf.56e36f6f53d16136084bf3b61349e5c1.jpg,Bus
IMG_0573_JPG_jpg.rf.76f3d5d1096bb780ddd565c361259a80.jpg,Bus
IMG_3427_JPG_jpg.rf.4e8e97c4bc6e1f978c7652c9e1dccc4f.jpg,Bus
f543789855903e2b_jpg.rf.4fe6b2b5314464c747e60b6f313ed3e0.jpg,Bus
0f55a570b2085a35_jpg.rf.c7c1da264da20db368d90cd259429770.jpg,Bus
537c514a947ac835_jpg.rf.81264ad63ab543458c5fcf0d767ce098.jpg,Bus
f7a7f0606c476d95_jpg.rf.ae73e30831a2bf95f194ec81b834942c.jpg,Bus
49dfe85bb2e40d22_jpg.rf.9f0fdaa24eb617e772cf29431e2e91b2.jpg,Bus
85d908b6737599f1_jpg.rf.0546300038e928e0b155d5f0a674bbe5.jpg,Bus
IMG_4050_JPG_jpg.rf.93cb0cc256e9823521b1533c2bf548c4.jpg,Bus
4d2d074be84f4963_jpg.rf.d018828c9b97a327b8ca2cbba8a592c5.jpg,Bus
IMG_4678_JPG_jpg.rf.b1fe0f1096f59d0614fa9b991f172a6e.jpg,Bus
f5a8d5b6b6e30575_jpg.rf.c18725f82c8ee2af89bf44bd67813673.jpg,Bus
IMG_1394_JPG_jpg.rf.5340dc0f588e63463b174c12c262566d.jpg,Bus
f9b8c523a8f7ad45_jpg.rf.1d5ea1f329dfa1d91b9cd2809961615b.jpg,Bus
IMG_5200_JPG_jpg.rf.6e9eae274a9b408c5e9e43ec5addec42.jpg,Bus
542cad20e2ae5508_jpg.rf.5c8e6a0e4d0f941c8ffeecda52ad3353.jpg,Bus
e8095a26f3669515_jpg.rf.a34b2fb1abb5e2ca8737ee4dfd55c9ab.jpg,Bus
68fc1241cb287d7f_jpg.rf.281b6f39c27e6938f3ac5ff357ee7ab2.jpg,Bus
f0eac59e740a6c0c_jpg.rf.947c5986e96011af494bf741928f2bef.jpg,Bus
6974b1f4001af607_jpg.rf.623faf9b21a12cbbb468944b343050ae.jpg,Bus
IMG_2938_JPG_jpg.rf.cefb0c1f02efad6886ec4c9db59cabb4.jpg,Bus
6d7790091f46ad20_jpg.rf.9802695276b3e63d8ccb57cb0a22350f.jpg,Bus
IMG_6513_JPG_jpg.rf.d70bdd4c31a69d77ceb69099ec78600a.jpg,Bus
IMG_0572_JPG_jpg.rf.66a76b5737f57796c5e0ea105f2b8c42.jpg,Bus
4b8e378eddae1f2d_jpg.rf.1cab152373d08ef00e51f3fd7f4721b8.jpg,Bus
ea1447a9efcaa9f4_jpg.rf.35d9eb8ead1162ad4b22d1d1c87e5839.jpg,Bus
54ce78850f56f8c7_jpg.rf.f9c7f5d993641482ba3a89764211ba8c.jpg,Bus
IMG_5106_JPG_jpg.rf.c63f6262825a96280b3c5567160fbaea.jpg,Bus
c33557b3ae9ee801_jpg.rf.f8c4388a4567f5eb099f5a13381a0f12.jpg,Bus
c943f897501f6848_jpg.rf.e4469d3f062318046895c5ebb850593a.jpg,Bus
8cb986bf68120670_jpg.rf.994d36e84fceda61998cc7e00137c5f6.jpg,Bus
d9cd1908bd1ac21f_jpg.rf.dac301c843395441c7bd9f716a3c4996.jpg,Bus
7694fc146f85e645_jpg.rf.ed1f7223d4fc7567d5b0c08bc73a85d4.jpg,Bus
IMG_3415_JPG_jpg.rf.7c013ceca3db3bf2a1938850b88b2d2b.jpg,Bus
8902db2858a44d40_jpg.rf.00f47f31a2503acc01812a52bac80a0d.jpg,Bus
IMG_3690_JPG_jpg.rf.6eb54ea093ecb8d544398cede7c8d79b.jpg,Bus
IMG_3414_JPG_jpg.rf.8e9c5ab6432a6aba05b3faae3945602f.jpg,Bus
IMG_0879_JPG_jpg.rf.564c7339329dc0de70848fa2954cb7fe.jpg,Bus
b3042acd1713c2d4_jpg.rf.ed43b97cf9195856d884484b38a1e91d.jpg,Bus
f41cfa3981a8ce93_jpg.rf.dd4828459ef6746a5c06258bc9ea428e.jpg,Bus
IMG_5706_JPG_jpg.rf.d2e1ecb960f7d41799b5e95033e60685.jpg,Bus
IMG_4300_JPG_jpg.rf.38653fe5767250b924b2cee0e9706cf5.jpg,Bus
ecc4002a9da605a4_jpg.rf.466328fc966343f302842f63c8998927.jpg,Bus
0bffb74503fb2b34_jpg.rf.d891f6d7f08c1df80ac604341967cc9d.jpg,Bus
74a0252d57270950_jpg.rf.8ec93dec7f3e17c63518449175410b03.jpg,Bus
ee7c4f1eaf78edb0_jpg.rf.f7f60b07115ed7f285f53441d28dad3e.jpg,Bus
45348cec74e9b296_jpg.rf.a76d35e8c2aa4c466c84c99e650514eb.jpg,Bus
f5fa46a63dc607bc_jpg.rf.5fcf7f0c5165b7fd523c51d953fe2591.jpg,Bus
f2a66bd091c2a3a7_jpg.rf.8d6984babd490dbb9dfaf5deb518465c.jpg,Bus
8d862619d8dd5db4_jpg.rf.0f59493dc1a4ecb70af424a4e03eaed5.jpg,Bus
ee70eb5e77ec56d6_jpg.rf.ce83ed1c182fdc8eb70e12d74cd1b284.jpg,Bus
6e016d7362affe2b_jpg.rf.d4bafce32de85f62c9ff160682978b11.jpg,Bus
ec01f35a924d09ad_jpg.rf.d33cf6817c1a300c40c8cd95396a65ff.jpg,Bus
IMG_5337_JPG_jpg.rf.db556d7e2ce522a9a570f54efbbe3eaa.jpg,Bus
b79b994e2947bff6_jpg.rf.f7e847004279dc280737c1324b1d4af6.jpg,Bus
524c1dd0933807f8_jpg.rf.f6d8efa758e04c5c608062a3bd3fbd9c.jpg,Bus
c36a5603555fd8af_jpg.rf.1afc813f450e743c170d53bf68162be4.jpg,Bus
fbae7e4680ccfef9_jpg.rf.6dfc3e99ce1e878d2edf20971b40f85c.jpg,Bus
IMG_6041_JPG_jpg.rf.da9c14a8a7ac86d13e2644335b1502ca.jpg,Bus
bfd749c756e834c4_jpg.rf.be15bc0a7f1757a1a17a23d3b0ad1c7c.jpg,Bus
IMG_6514_JPG_jpg.rf.f6768f3da0a846928c13762c4757f45b.jpg,Bus
1cfc68a3ccd12363_jpg.rf.e11c31078dd1db30da32c4ad0b3be4e0.jpg,Bus
516fbdd6252668df_jpg.rf.9a566ba461b615cb67f658dc6f96ed5f.jpg,Bus
IMG_5590_JPG_jpg.rf.b95c2265e3f302f7e2872c2a7506ea69.jpg,Bus
c7917151c7a0b016_jpg.rf.91b2b266fc70c0e92a2f869d3a3ced6f.jpg,Bus
ee208cf1dcbb03c8_jpg.rf.b684cd368da2027b131725e7c286a751.jpg,Bus
d4b6b9221f549e3d_jpg.rf.3abb68b0a00ad1fd0a2a15c0b3509b03.jpg,Bus
e7600c6d64b1fc57_jpg.rf.59dd4e782b877bccaee089242a6df7c9.jpg,Bus
8cfcd70cb6c2d072_jpg.rf.7c9e694897824077209ad093b1412335.jpg,Bus
IMG_0231_JPG_jpg.rf.92635e3a93043439dab1aa6d6043d1ed.jpg,Bus
ececc9bd2a94b3b8_jpg.rf.944664cc807826b52300335dac51f411.jpg,Bus
1e0cb86a827ae7a6_jpg.rf.0fa5c6911c65655e353be8df03067358.jpg,Bus
c1227e7b1dfc7f40_jpg.rf.4f2b60be4cbd1eab42376e1543805231.jpg,Bus
3393b0a3d03744ed_jpg.rf.3964b0a458a46d95b1787e905f7640b3.jpg,Bus
27f37da1b2d627a0_jpg.rf.c0b7680ece5a08ec6d75dbd33e64d617.jpg,Bus
64a1d3921a331e38_jpg.rf.2cde7410e9a6b0710f8cf79251e923de.jpg,Bus
f26bc995e728ba6b_jpg.rf.e7f34a698ed145748733156127733c11.jpg,Bus
937a9b441ae52e31_jpg.rf.2daba6ebaee0ac458546a75024e58640.jpg,Bus
8c4a2b183ec01d20_jpg.rf.e41fe8d93621ec457b8fb8d6492bd0f0.jpg,Bus
76d8536cc75f6996_jpg.rf.947b0477d472dec54da512a7ccace7c6.jpg,Bus
IMG_4051_JPG_jpg.rf.7862c68228bafdc5f2aca786d69b1285.jpg,Bus
e7f185c93cd67390_jpg.rf.077d79d4063c60c3c12cb59387add61c.jpg,Bus
a9cc6b98905e83de_jpg.rf.ec7c6d72f6fe53ffef0f416d7c17c15d.jpg,Bus
IMG_5449_JPG_jpg.rf.069573168412eea9cbdb74c07468a75e.jpg,Bus
4dd45f71cb32ee94_jpg.rf.4d18f7e7a34ecd32c63e738e06167f47.jpg,Bus
5cab26315eeff932_jpg.rf.8c4408c2160a65f98b598c4f7102e8ef.jpg,Bus
IMG_6328_JPG_jpg.rf.a80a24ca003f6d320f76581a480a41d0.jpg,Bus
0ba3d539f63542b2_jpg.rf.78a9b5d56535d60468f4e0589ee87d0b.jpg,Bus
a967ee8e5997cb0d_jpg.rf.df7be2d74431fb86916f6446cd9571ce.jpg,Bus
ec01f35a924d09ad_jpg.rf.d33cf6817c1a300c40c8cd95396a65ff.jpg,Bus
12df8f2a0496640e_jpg.rf.01f59f78992659ca7ee70ba93488aa37.jpg,Bus
9fff7a3a83c45bea_jpg.rf.018b3886cdb41520fbd3f941e1e10d33.jpg,Bus
1f1d578fbebeb017_jpg.rf.bfa113cd43d85511df6b7a135510b458.jpg,Bus
3483b956b20b0b5f_jpg.rf.65b0b800927147b688512cf8e976c1a9.jpg,Bus
673e0077c3eaf237_jpg.rf.cb2337045d79fa0576b15eaee814da98.jpg,Bus
02a7e69714512a28_jpg.rf.2f10b97fcca078fb972dfb132a2d98c8.jpg,Bus
edd823f2e065a36e_jpg.rf.18a83369017c2a65de8313a99ea8f35d.jpg,Bus
3482cd2f1df57704_jpg.rf.f486d91e4a567e45158b2fd8ffd5c7c6.jpg,Bus
de8a45a8c7af2b25_jpg.rf.d6d0e7dbfdb86e820ddd0c2d4cd610fd.jpg,Bus
IMG_6192_JPG_jpg.rf.bd4243811fea09e49c891af87f47e2b9.jpg,Bus
bff97c1714da1e3d_jpg.rf.9957d71e3ff1564ddfa0733067df76a7.jpg,Bus
9cdba4ee731d2fea_jpg.rf.5a2484bf8220108a513bf7e6b98d161d.jpg,Bus
fcae19c3aa2ab89d_jpg.rf.8511d48551e58c9984a5f38cbf652b6e.jpg,Bus
bd2b6654321bf247_jpg.rf.62730db8320d070ceea53aa343a8e62e.jpg,Bus
0b739efdc334ab1e_jpg.rf.5de466ba555cb840a86c5802c35c8595.jpg,Bus
e400891c376f9fc7_jpg.rf.bd15a64f0d72a8678c7f3c120941cbaf.jpg,Bus
IMG_5481_JPG_jpg.rf.5ccd1c02784b27e8611bbb5bd31d5222.jpg,Bus
1e0c3fa5f82a7648_jpg.rf.e328c16451c2f0ba601fcdfa5d823d3d.jpg,Bus
a04508225cb579f2_jpg.rf.8bd53cd4db365aaa4ed860a3cf80c2ba.jpg,Bus
ed0dba0a4003f47f_jpg.rf.3dcfe5c37cb13a2550ca5e542308e4a9.jpg,Bus
8ad05c3e5705a5c6_jpg.rf.e553b83a6abeb7c6a6ad7157b2337756.jpg,Bus
IMG_6329_JPG_jpg.rf.2ca7fd8f046fe383da5186d24c7d735a.jpg,Bus
f2e62e5add557c4e_jpg.rf.596a0fdb12eecf5a35143b13b5982aef.jpg,Bus
IMG_0599_JPG_jpg.rf.2dab29129f17edaff7fa348e4cc9de9c.jpg,Bus
8ebe72e2fcf1b5d9_jpg.rf.4c89012c89ccf9433081092b22471d81.jpg,Bus
008ed85b989a36ec_jpg.rf.f6877cca15d2ba233d02c8f1f4f87a0f.jpg,Bus
IMG_2616_JPG_jpg.rf.49f638fdfeae4e055489747d56154291.jpg,Bus
10b43c7db40bee80_jpg.rf.ff86a8aa115f58b8c1dddc8e9da1867f.jpg,Bus
fcb1274c53bc2b0c_jpg.rf.24f875e4cb8c3f11a4e068d5668ebeb9.jpg,Bus
f2b13c365765b07f_jpg.rf.512c953608e59e5df7700d8ecc1e12a9.jpg,Bus
00a42fc158bbdc03_jpg.rf.c5434fae762485abfb6d2ad22ba84aa3.jpg,Bus
d055c969cb9a2ecc_jpg.rf.c57b0154584052e72cbd3a035d553511.jpg,Bus
315f76bc25ebd378_jpg.rf.855e75585fef384ac33b1d315c56e712.jpg,Bus
IMG_3329_JPG_jpg.rf.cab53d170e54b5567cbada4c2c88fffa.jpg,Bus
8037_5_jpg.rf.2c3b356a47cdbfde7e58dec5446140ae.jpg,Bus
8756a74a71186e6c_jpg.rf.7eedb9d4cacf2e0fa80c46437b9d754f.jpg,Bus
da2fc89478215a59_jpg.rf.d3000cf40b2d36db4c237ba8e015354d.jpg,Bus
eae032239ca3dee8_jpg.rf.15f62940e4a4d293a39c7ba8f8a015f7.jpg,Bus
426cc2a36886d1f9_jpg.rf.1f3cb764ff7144ceddebd7d8ca4c7140.jpg,Bus
0b2b7d0cc8ac0f9d_jpg.rf.bfd0a6441172e762308747228ab75206.jpg,Bus
ee1426d8de440f70_jpg.rf.28e968d313da833d78063bbf92d582fd.jpg,Bus
a298c3865930aeea_jpg.rf.aba153bc9ab510ed2f019e7e85ff61eb.jpg,Bus
eb9504677a10e200_jpg.rf.65c529758f0953161b09dfd0cf69e19f.jpg,Bus
b407b736d4d15dd6_jpg.rf.67d3dc13db0f0dde723756c735df7584.jpg,Bus
1a87c871b06bd8fa_jpg.rf.25b1b6e3a2a7440f63b2b3eecfd1fd75.jpg,Bus
7d77b23e489dc89a_jpg.rf.930c3edacd6c12a5be7a895013105f28.jpg,Bus
